FirstName,LastName,AccountNumber,RoutingNumber,Amount
John,Doe,123456789012,123456789, $123.45 
Jane,Doe,123456789013,123456790, $123.45 
Nacho,Libre,123123123123,123454321, $999.00 
Miranda,Hailey,239441109032,527248280, $805.44 
Rocha,Rory,170622684967,671873486, $775.14 
Hughes,Emmie,522615690789,442283392, $718.39 
White,Everett,845690814555,398043570, $317.12 
Tran,Layla,756958528421,128131812, $697.87 
Griffith,Braxton,623057778880,768905800, $118.65 
Deleon,Alicia,508097753164,508070515, $489.73 
Frederick,Nasir,315309747284,469559946, $608.39 
Zhang,Sariyah,548889595419,586899774, $394.29 
Pittman,Isaias,29347556228,793248600, $215.66 
Trejo,Marie,823566436530,918825616, $673.64 
Ellison,Wesson,535394325872,728925318, $943.67 
Rice,Raina,429453780083,959448043, $444.77 
Bender,Graham,699017637619,408227623, $869.36 
Ochoa,Lilyana,1815958631,307117600, $524.25 
Knight,Winston,302674916418,199404236, $472.80 
Escobar,Gracie,795422639857,142123906, $233.34 
Adkins,Zachariah,136294603106,786867216, $689.83 
Stanton,Emelia,979380196008,490904386, $135.65 
Cook,Zyair,324852303601,261669218, $440.78 
Schaefer,Aaliyah,307527475849,587777995, $334.78 
Cherry,Ishaan,675103086012,642406407, $505.31 
Glass,Nyomi,777843537307,885033717, $239.61 
Clayton,Allan,195406271934,744539932, $220.25 
Sullivan,Saige,265519802992,683751603, $560.89 
Quintana,Evan,846325003,214623318, $627.21 
Bruce,Kenia,446473781921,589558137, $183.45 
Ortega,Uriah,569784071746,530597462, $144.73 
Keith,Lilah,204453228520,377166952, $701.77 
Fuller,Jagger,425469602788,299833619, $932.90 
Koch,Oakley,291453549494,569542129, $564.22 
Kelley,Salvador,584302870118,364234739, $748.11 
Dean,Rosalie,761011446393,261256591, $161.31 
Cline,Ronan,515394830003,514155446, $376.19 
Baxter,Lina,974048921830,195659342, $654.14 
Rosales,Tomas,656346480722,286477176, $736.98 
Reed,Kinley,564214680163,890223584, $940.62 
Alexander,Easton,992181785262,867286376, $946.71 
Patel,Lyla,29455772623,912543464, $748.84 
Ochoa,Parker,646001263730,682419302, $646.65 
James,Luciana,792637220879,360332538, $317.66 
Mora,Jaxson,706174705565,335148237, $143.21 
Hahn,Jemma,790762342484,450611639, $532.62 
Corona,Kabir,240637584127,263155476, $201.29 
Tang,Marianna,167821140625,424652602, $628.45 
Griffith,Rogelio,896907331673,887309690, $777.46 
Bartlett,Alicia,747054886414,977941813, $898.53 
Velasquez,Kace,733215541340,452507382, $783.69 
Torres,Esme,909557319870,630891065, $649.97 
Johns,Jayden,795216615034,390192716, $309.08 
Bruce,Giovanna,970329956509,786725741, $600.74 
Newman,Uriah,169182977068,332458269, $699.02 
Johnston,Oaklynn,284868867054,905079182, $912.67 
Bender,Felix,143414599244,481186441, $959.52 
Vaughan,Lilyana,692610272796,470956513, $231.31 
Camacho,Castiel,756145885995,793490800, $425.42 
Rowland,Armani,422401397868,502274092, $776.58 
Garner,Eliezer,462566229855,104088306, $313.38 
Murray,Jacqueline,893611910787,417967874, $915.66 
Brandt,Ashton,732558833183,336461240, $731.15 
Higgins,Loretta,303008691602,744745116, $871.43 
Zamora,Sterling,307448385081,633267254, $206.38 
Cano,Sierra,410987946197,345564353, $550.76 
Duran,Terry,522007895797,103913879, $996.10 
Fleming,Willa,466060734139,111413428, $605.14 
Bond,Fernando,929863284849,819926485, $611.78 
Ortega,Alena,413702724493,403061970, $986.74 
Zhang,Kobe,312693096160,754424073, $422.00 
Weeks,Sarai,408814620503,202681136, $917.36 
Bernard,Anders,847135088934,446957612, $545.32 
Bradley,Barbara,610459564806,932338290, $517.22 
Valencia,Richard,249929851452,353796760, $989.34 
Hickman,Maddison,516511018131,303619273, $700.35 
Santana,Jakobe,815659847130,912998165, $594.13 
Carlson,Myra,424276068352,778759498, $278.59 
Phan,Paul,404861913471,285268048, $563.45 
Quintana,Elsa,52123624459,790377877, $913.47 
Higgins,Kelvin,502605385370,484427753, $846.30 
Ferguson,Leighton,217686893514,336718124, $307.36 
Ingram,Miguel,398188475327,892939185, $806.91 
Hart,Katie,687763308186,407224714, $878.13 
Sierra,Joel,550875883852,712303664, $884.11 
Montgomery,Marceline,63975088912,619853304, $814.57 
Quintana,Maximiliano,101802186447,999100918, $525.77 
Best,Kenia,320694428162,367720804, $177.69 
McKenzie,Harlem,893225809197,841471711, $522.13 
Stewart,Briar,214118814407,158228359, $386.09 
Giles,Nolan,332176781119,645265104, $532.07 
Collier,Bailee,47646602879,120114304, $928.45 
Salas,Edison,138529202016,866217079, $865.81 
Benjamin,Amber,667194850345,860550970, $479.88 
Rose,Kyro,586778098734,688442451, $263.96 
Larson,Magnolia,613184363241,867722191, $344.89 
Barrett,Rafael,702758231578,747300104, $368.58 
Terrell,Kendall,590319487770,194865240, $124.04 
Miller,Jaxen,547295801088,585021394, $232.89 
Poole,Isabella,489935459659,529335421, $725.37 
McCarthy,Quincy,953098996403,781768387, $924.59 
Sampson,Kira,201638155522,907452006, $460.60 
Fischer,Cain,929436150673,291929820, $173.27 
Patton,Maci,332568806922,155849577, $405.07 
Hines,Moises,53776471477,434944680, $878.97 
Wilcox,Poppy,595793909110,797388778, $599.50 
McKinney,Jerry,204068612889,289855531, $709.22 
Stafford,Gwendolyn,44615997150,652897343, $872.73 
Holloway,Alfredo,101639907533,660418474, $698.40 
Charles,Mae,248673816034,281909256, $192.64 
Young,Conrad,897437661283,510706951, $557.62 
Pham,Zoey,891261142508,607902032, $954.06 
Montgomery,Russell,823662225048,980475126, $388.24 
Wallace,Evangeline,738146519804,858888922, $644.29 
Rogers,Chase,848588969120,210649553, $303.82 
Weber,Madelyn,661446617377,598803459, $926.97 
McIntosh,Crew,438138454434,132422194, $260.95 
Wilkins,Gwen,808569511040,762755509, $570.19 
Harrell,Yusuf,858934904033,115170965, $593.36 
Smith,Kara,906780042315,576841589, $303.55 
Hubbard,Liam,129549002085,570308791, $875.22 
Franco,Rosie,765073126626,613836421, $117.04 
Villa,Gage,493502435176,740681144, $898.34 
Burnett,Johanna,252927258646,914192995, $874.58 
Esparza,Davis,576637753549,101361155, $490.80 
Chavez,Ramona,538777808203,834085690, $947.43 
Moyer,Ian,297300716576,397557851, $896.44 
Hall,Zola,778401164270,360446062, $849.95 
Marks,Thomas,924172371013,540796190, $621.73 
Cardenas,Monica,564446561013,957752458, $302.76 
Montgomery,Johnathan,486405131924,587378268, $540.84 
Orozco,Evangeline,900523242391,405696218, $526.83 
Carson,Keanu,26374641545,670300603, $763.08 
Perez,Nalani,860621411561,940230315, $478.26 
Kane,Owen,77158846160,607669463, $268.60 
Pratt,Ellianna,302691545980,966940863, $447.14 
Villalobos,Rowen,232718099070,475113053, $941.27 
Dominguez,Zoya,23776124007,306831072, $144.98 
Adkins,Kaden,258585196498,644159558, $561.60 
Singh,Emelia,501766686574,227250438, $258.62 
Joseph,Louis,997443119581,932849395, $730.65 
Mata,Gracelynn,562090773228,114760061, $207.24 
Bentley,Ray,817791168906,692116330, $373.42 
Peck,Jaylin,908092475232,162991008, $876.19 
Gardner,Yousef,799530765800,758286797, $343.71 
Jacobs,Jordyn,382150922341,932285517, $176.69 
Clay,Bryan,208895829944,995065514, $542.82 
Bass,Aliana,743408265385,549577808, $345.78 
Blair,Landen,800661690678,359341069, $907.19 
Trejo,Frances,486141932397,713752866, $856.92 
Beasley,Wesson,281644388012,245690470, $359.78 
Dejesus,Jaylah,297841303054,574613758, $848.65 
Gates,Rio,8476688480,549315130, $296.74 
Jennings,Melina,192678128156,260823864, $984.36 
Chandler,Corbin,898091302932,275141260, $441.53 
Campos,Viviana,344002377613,854830902, $632.51 
Conner,Gideon,994404761418,230390193, $196.93 
Alvarez,Alondra,421791678333,896346286, $682.18 
Graham,Xavier,985209648264,886907461, $875.78 
Goodwin,Alaia,880892524255,624529778, $462.74 
Jenkins,Kaison,331342468465,232229608, $264.66 
Brooks,Rylee,657354477810,278811223, $782.43 
Adams,Jordan,556769843825,944532620, $802.23 
Dean,Stella,316036373966,939925056, $134.81 
Woodward,Ronan,567109755375,385004915, $424.21 
Thornton,Drew,405985350463,633634251, $952.04 
Booker,Malik,878378848180,409235040, $203.26 
Xiong,Nataly,443696833522,381786111, $920.76 
Bradford,Azrael,110365169113,381759029, $735.05 
Wilkinson,Rhea,658416605222,161714785, $250.70 
Lyons,Leonard,664720121844,248243142, $687.88 
Phelps,Kenzie,516411297298,883604232, $606.85 
George,Hamza,334508843661,556105867, $161.74 
Pham,Adelyn,168002175384,510006177, $868.59 
Dillon,Russell,912788440758,681769300, $834.24 
Petersen,Laurel,124959815647,202307206, $100.98 
Sims,Samson,875508792892,396335201, $908.11 
Matthews,Lena,157605777699,593165102, $219.20 
Bowers,Preston,914600676014,468564626, $883.14 
Wolf,Elisa,207076576152,952762085, $221.57 
Nielsen,Jase,736982813159,534152150, $419.72 
Casey,Vienna,719783049407,964500465, $436.45 
Norris,Armando,829264723427,621190672, $838.89 
Walters,Arielle,170944419051,445817307, $544.52 
Wilcox,Colson,530427288865,412491462, $648.30 
Duarte,Ashlyn,234042404879,193363528, $418.59 
Mathews,Abdullah,478153488128,633877818, $703.48 
Lowe,Sloan,267634706869,487468568, $839.44 
Stuart,Julius,360507565151,428840660, $496.25 
Mendoza,Stormi,60891198013,697300954, $115.17 
Scott,Dominic,770648303358,221308446, $637.62 
Mitchell,Aurora,720682091962,964463628, $943.60 
Graham,Jaxon,842583041074,340827123, $916.71 
English,Alaia,464955915524,126051545, $290.29 
Mahoney,Junior,745216986475,673470626, $985.10 
Simpson,Promise,100355637930,496406750, $924.37 
Mullins,Elliott,312059639210,590701913, $966.97 
Spencer,Maliyah,755921093177,571910536, $851.22 
Duran,Ace,183285765798,411257677, $368.63 
Gilmore,Willa,969824501593,891401514, $582.96 
Khan,Vihaan,396368650056,164446854, $688.47 
Clayton,Mabel,298201246638,804208828, $143.48 
Pope,Boston,341905582356,424496763, $727.11 
Combs,Aurelia,162421846680,670477653, $539.24 
Zavala,Ahmad,452130968593,180046656, $667.75 
Whitney,Liv,161537787939,216916159, $822.51 
Morse,Jeffery,529430638373,718133363, $108.44 
Cross,Kairi,710380929496,945124495, $667.97 
Marin,Fabian,74590762356,433069018, $873.56 
Keith,Celia,176491847796,796510821, $601.47 
Park,Jagger,957418072650,912072869, $818.06 
Davila,Lia,620766984585,719131216, $620.52 
Moses,Grey,31699886066,675224942, $823.17 
Stevens,Karter,714954603143,183531533, $132.62 
Hale,Zachary,30645023131,137534681, $493.85 
Owens,Brinley,826189697245,455879874, $956.07 
Quinn,Adriel,584468394965,871893756, $457.16 
Norman,Heaven,243878347862,591521224, $636.02 
Dunlap,Aziel,111932378446,998080146, $934.79 
Wood,Iliana,126334918105,323423853, $952.83 
Collier,Carson,114175385644,119446192, $232.40 
Walls,Ivory,91741096194,624871498, $899.29 
Pacheco,Larry,653911523298,343940339, $345.30 
Schroeder,Paris,941695741172,154221828, $525.41 
Duke,Izaiah,181761985908,566769110, $398.59 
Bryan,Melani,669398223021,440102469, $329.23 
Wood,Jaxtyn,28035831501,974784596, $291.99 
Butler,Natalia,899258196059,471934965, $592.73 
French,Ryder,224561295680,811499171, $775.33 
Johns,Lorelai,31310843874,777417686, $585.69 
Clayton,Joziah,538096414196,776746000, $612.94 
Charles,Saige,720724270330,701995901, $764.55 
Haynes,Conrad,723073557104,208983455, $376.55 
Walsh,Lexi,520889298516,189676992, $579.61 
Holloway,Bodhi,32891408154,224115982, $394.23 
Caldwell,Mae,213787252506,743912659, $724.03 
Nielsen,Rylan,7029956020,900300669, $267.43 
Morris,Vienna,717724628106,509098154, $633.88 
Nielsen,Christian,379394149383,989135341, $693.80 
Meyers,Vienna,542247145054,553534735, $300.90 
Weaver,Julien,33716710493,486665113, $503.15 
Hampton,Teagan,157995658060,379029098, $871.95 
Walsh,Hank,324334370462,647500711, $383.94 
Newman,Leia,144790801232,437183687, $945.57 
Ramirez,Anderson,149314047162,738736097, $847.12 
Hines,Grace,145804720682,682368429, $259.07 
Greene,Uriel,12613419647,697424646, $258.93 
Hale,Selena,627603035531,511843809, $215.80 
Norris,Ezequiel,236864687825,466755996, $457.03 
Ruiz,Arielle,536909563842,741621665, $877.46 
Kerr,Austin,346017500539,781023352, $481.68 
Magana,Baylee,112548617062,125881838, $192.46 
Hill,Rey,2543853668,814614306, $844.10 
Cooper,Hannah,54231489303,243711981, $582.51 
Lowe,Jonathan,869777025892,320304425, $260.37 
Keller,Amari,999497278350,726175146, $656.57 
Kelley,Nico,695412021601,956584953, $956.31 
Bentley,Rosalie,61860987409,356427926, $568.32 
Jacobs,Randy,482760917570,742803851, $251.25 
Villalobos,Camilla,342737399239,319867674, $242.19 
Norris,Reuben,776714296734,138477987, $143.76 
Patel,Arielle,281082370077,387867518, $630.76 
Walls,Parker,546952072477,352015926, $183.85 
Meyers,Lilianna,596199950586,512644947, $569.08 
Daugherty,Julien,70737400088,463172323, $320.27 
Hill,Magdalena,483327139614,280675926, $763.12 
Wise,Isaac,145053815149,331823758, $965.73 
Tang,Mira,888360685873,486601672, $307.71 
Middleton,Rogelio,960586379826,912312461, $387.49 
Sherman,Madalyn,485455637420,503890190, $585.39 
Simpson,Adan,595292732818,428007478, $615.86 
Malone,Anastasia,364272792826,526056423, $326.40 
Herrera,Ruben,956001441231,339701285, $687.11 
Brennan,Ximena,660548464836,930580803, $764.10 
Pacheco,Curtis,786049189675,866149572, $787.82 
Kline,Paris,253915161994,623096260, $799.59 
Park,Ramon,34863737574,526644457, $896.09 
Conway,Lia,539012644357,329368930, $545.10 
Stanley,Orlando,622814541816,253599998, $280.56 
Luna,Gracelyn,247115125454,915039991, $424.75 
Lloyd,Erick,896991259538,981124472, $485.15 
Vance,Emely,988024644253,626410494, $846.28 
Paul,Casen,649824855148,915433128, $987.13 
Gregory,Daphne,157733488167,580581164, $473.74 
Sellers,Travis,880013604278,734248734, $298.75 
Jacobson,Mercy,476991490180,733955450, $448.77 
Duke,Legacy,83346852277,833659575, $798.75 
Chavez,Melani,617680563641,252532596, $605.54 
Nelson,Ian,907984137618,376578503, $946.96 
Curry,Everly,974575617725,305986878, $930.36 
Cole,Briggs,81111001696,438402446, $180.93 
Lara,Margaret,556254084136,893276052, $805.85 
Lowery,Caiden,695749668363,624768188, $575.35 
Nichols,Estelle,405017062805,737265520, $648.05 
Morris,Atlas,787036951063,441751889, $643.51 
Cameron,Genesis,826905140731,101098581, $357.60 
Wright,Rayan,496653143104,725916414, $911.16 
Truong,Lily,931281643410,957280477, $599.21 
Roy,Ayan,35858664773,258807903, $239.71 
Harrison,Savanna,434769744552,829290824, $103.19 
Ibarra,Gavin,588043614281,175410541, $392.52 
Copeland,Madilynn,736398978200,228672555, $659.64 
Weber,Axton,861302062836,816221788, $938.38 
May,Alayah,145159887947,303201974, $126.53 
Walsh,Finley,102704702270,465704041, $595.61 
Solomon,Leia,915443534996,894283092, $676.40 
David,Musa,436455574353,630044959, $261.18 
Matthews,Haylee,935041866168,470335134, $180.15 
Parrish,Preston,667770212930,283052091, $932.49 
Bernard,Tiana,245370504759,874782930, $148.48 
Santiago,Jair,630698397873,497273001, $993.29 
Guevara,Nyla,133861581416,375272617, $109.76 
Aguirre,Tommy,598945609236,120935900, $189.16 
Matthews,Ariah,538607828405,381749124, $937.02 
Bauer,Preston,398057800584,476025873, $408.46 
Walsh,Haley,237826068579,237940686, $824.68 
Tanner,Bodhi,311282594469,708594631, $749.69 
Knapp,Harmoni,431455280415,688772604, $394.55 
Donovan,Boden,173282039322,780418891, $584.90 
Alfaro,Azariah,332584758545,664818584, $896.87 
Moss,Xzavier,34556224313,756853425, $977.45 
Vaughn,Bianca,417843052706,667679602, $757.96 
Koch,Remy,50179996417,464275721, $775.00 
Miller,Milana,835973870938,144146120, $730.32 
Barrett,Benjamin,661807108848,587111148, $635.87 
Rush,Kendall,611320059115,149051406, $162.75 
Pearson,Kaiser,195924203742,581457538, $235.52 
Blake,Kiara,137736480595,621687064, $151.88 
Mason,Zyaire,834552406619,145885416, $269.56 
Franklin,Sienna,625093328932,938251712, $799.99 
Shields,Simon,116533901525,290611058, $470.01 
Bryant,Analia,228813845024,799002841, $467.46 
Vang,Jonah,782776795977,361760618, $888.22 
Garner,Madisyn,494511526010,455445098, $581.96 
Proctor,Sage,446543469144,994638870, $644.42 
Rasmussen,Chandler,650947864697,812765813, $609.31 
Clay,Will,90574663875,163130292, $527.45 
Patel,Aliana,87891136151,884691447, $469.93 
Buck,Parker,404750347069,784046195, $112.16 
McBride,Livia,28248041898,220558630, $820.23 
Pierce,Denver,769854024614,176638420, $598.85 
Vega,Arabella,941335853956,168618244, $707.23 
Pitts,Aidan,870777611100,688550003, $404.43 
Hayden,Nala,232977410514,687517044, $516.68 
Warren,Leroy,993247505839,852955260, $279.13 
Holmes,Sloane,624416887977,396222548, $177.77 
Sims,King,101811708178,410146370, $566.39 
Lu,Lena,619822246884,134391797, $954.91 
Hutchinson,Duncan,225422671517,736735093, $870.15 
Travis,Jamie,538574532124,448399853, $816.50 
Watkins,Willie,21872712491,124894524, $666.78 
Marks,Lola,324976277018,692851421, $452.73 
Lynn,Amos,559147097678,164074256, $383.24 
McFarland,Samira,983765864261,870535152, $417.99 
Velazquez,Dane,638325768730,747813169, $396.10 
Harvey,Jaliyah,115636199534,121631635, $826.64 
Daugherty,Cayden,130791027824,214179473, $514.39 
Herman,Magdalena,463023808684,260280912, $813.65 
Gallagher,Juelz,169328597691,805809576, $681.09 
Rosas,Elliott,785882525406,988960610, $731.56 
Ramos,Remi,142601209642,958276491, $538.08 
Conrad,Alice,888375485940,821570517, $595.29 
Abbott,Dilan,568387335530,644650747, $719.25 
Boyd,Melany,344001266794,719348098, $928.81 
Pope,Dean,164401373169,402358397, $277.16 
Lee,Aurelia,333501158302,141934109, $823.56 
Cox,Jack,17933913833,278634935, $911.54 
Shah,Sadie,528693283542,783334433, $337.36 
Martin,Zain,120708952592,175581072, $361.36 
Parsons,Mila,313201183104,991697007, $533.57 
Oliver,Lewis,986750952350,107726183, $875.40 
Beard,Camille,461625490473,915103183, $607.42 
Maldonado,Nathanael,970618462732,197054190, $169.46 
Rivas,Elaina,772435315319,709451866, $930.77 
Watkins,Damon,896029113927,466573603, $893.03 
Garrison,Lola,161071725896,912819674, $894.34 
Chandler,Noe,151787090790,982151601, $990.65 
Long,Viviana,467144633470,157357681, $454.53 
Freeman,Jace,980346687634,783491657, $789.71 
Weiss,Norah,57017424386,829811150, $762.45 
Olsen,Koa,703770591943,997736282, $877.71 
Soto,Oaklyn,666215067176,523425789, $733.04 
Massey,Barrett,656570134738,520774375, $484.95 
Dawson,Clementine,356529647236,393179291, $399.05 
Nolan,Iker,891696498339,634297877, $605.00 
Wilkerson,Itzayana,404361103726,212978178, $208.78 
Roman,Carmelo,41360019179,996837189, $590.53 
McCarthy,Astrid,91970795836,874249193, $904.98 
Hicks,Devin,819826596821,201816574, $780.42 
Morton,Alina,899017971271,535698934, $473.28 
George,Roland,352130031915,710539432, $796.12 
Quintero,Adelyn,7042692154,914089049, $282.13 
Burnett,Thatcher,704180829882,198782963, $111.07 
Contreras,Emberly,566771184014,622905850, $351.98 
Weaver,Emilio,695101949353,821935203, $928.96 
Acevedo,Teagan,935440962563,769590132, $837.47 
Hopkins,Dakari,229390381698,985438194, $267.21 
Beasley,Gabriela,832270554310,588922160, $202.76 
Johns,Stanley,417131917365,105380709, $178.90 
Hall,Giovanna,204935099842,499569889, $642.75 
Ford,Thomas,510589513749,479600616, $153.76 
Rosas,Alexandra,448097293742,503665963, $408.06 
Morrison,Remi,356479439012,121368902, $212.59 
O’Neal,Rebecca,811136827447,475014518, $962.72 
Howard,Eddie,450054582473,863791554, $645.34 
Andrade,Sophie,388685867407,790136062, $381.04 
Beil,Abdiel,329783336563,239534098, $494.57 
Herrera,Itzel,680214453159,522075598, $195.29 
Hampton,River,889726675443,272707487, $932.63 
Carrillo,Leona,921547975733,550815619, $244.33 
Rose,Wade,664281860716,864748074, $744.26 
McConnell,Magnolia,892287288079,361780271, $190.12 
Bravo,London,843281284067,904170156, $168.55 
Banks,Amoura,38417855192,100372510, $674.61 
Steele,Martin,29085965062,202026846, $178.76 
Carlson,Rylie,404042359861,172343984, $207.35 
Jimenez,Paul,501485420762,129080364, $248.04 
Goodman,Adeline,338338959021,882587657, $694.69 
Page,Philip,139755773894,357241337, $241.55 
Ray,Cataleya,50190431499,788927089, $742.48 
Franklin,Arlo,327276283474,747938052, $620.27 
Waters,Angela,950548853924,269951195, $682.02 
Patrick,Maximilian,386860172613,196765402, $513.17 
Hail,Lyra,790673057293,930671289, $766.97 
Gregory,Hector,681994421296,507772537, $385.37 
Ballard,Alaya,67376375565,371049752, $273.88 
Massey,Kenzo,716450824261,707537410, $998.28 
Buck,Clementine,671989224722,201790062, $982.68 
Costa,Jon,149572941293,204902301, $978.15 
Ortega,Robin,14833950009,718390174, $325.90 
Benson,Kobe,397556183790,503781121, $224.44 
McDaniel,Collins,817884037290,728409109, $773.13 
Levy,Major,478494395815,682229604, $258.17 
Atkinson,Flora,902872619578,931465657, $230.36 
Preston,Duke,987625339386,370081165, $469.92 
Johns,Indie,832232095395,886493855, $177.68 
Foster,Joziah,883797895557,131142105, $234.56 
Livingston,Brielle,412667388646,743796062, $680.18 
Garrison,Ambrose,574302523230,292390670, $808.93 
Nicholson,Cadence,410658891079,428734706, $682.91 
Hobbs,Rodrigo,218232423051,218130123, $288.01 
Gentry,Lacey,555045400284,666464002, $321.29 
Mora,Magnus,380926353352,341602789, $916.82 
Yates,Jemma,325232907994,323238094, $580.31 
McMillan,Braylon,360235165498,959330475, $248.01 
Hodge,Oakleigh,110494690650,854223720, $829.52 
Ali,Reign,826858114933,320788632, $282.04 
French,Zelda,158108875273,375115161, $285.87 
Reyes,Corey,950934705409,148947900, $248.76 
Jordan,Audrey,103712845342,131112969, $407.05 
Vo,Sawyer,782267395426,945961691, $412.40 
Ortega,Artemis,101722478254,891314809, $867.72 
Chen,Kobe,70970672043,720926164, $368.32 
Barrett,Valeria,561413837223,990595767, $884.00 
Griffin,Angelo,958816691631,840562014, $850.71 
Nixon,Charlie,852981571405,513545313, $988.31 
Bowers,Cory,936092465790,135530887, $658.87 
Richmond,Elisa,88306969749,641058791, $846.53 
Moreno,Mordechai,676264356373,235782294, $628.41 
French,Mary,943295343220,900809689, $181.98 
Burton,Corey,810321138757,554848992, $846.38 
Buck,Miriam,250422130550,902564652, $876.62 
Fry,Jon,294186996790,308043967, $858.12 
Rodgers,Clarissa,194993747051,620546140, $857.57 
Daniels,Mathias,124436909255,685765037, $395.29 
Nicholson,Ember,920853948448,756733353, $596.20 
Coleman,Rodrigo,189774449190,537342580, $459.46 
Summers,Julia,167463095780,775651413, $186.22 
Ramsey,Darius,128597477003,654103433, $769.09 
Lin,Lyric,431899115040,539152960, $657.08 
Rose,Conor,642767523255,936902112, $369.94 
Curry,Magnolia,981311146672,359630648, $946.80 
Montoya,Briggs,314372429439,656621629, $840.69 
Vincent,Kamryn,51392872570,361029564, $792.91 
Travis,Aarav,679359001741,779170796, $183.36 
Douglas,Mazikee,846744340989,279260044, $452.47 
Jacobson,Derek,896820099623,906311417, $470.94 
Dudley,Royal,774889370069,853203467, $367.80 
Sullivan,Colter,528536602889,287222650, $574.60 
Palmer,Melanie,740690071018,548074241, $370.72 
Benton,Theo,250201708087,485998580, $185.30 
Fisher,Anais,998479028987,389380091, $337.67 
Rowe,Gael,903307275449,393609560, $190.97 
Francis,Matilda,435581945856,204357497, $439.68 
Garner,Harvey,608135754962,359406104, $370.93 
Mullen,Jacqueline,109519451559,528484421, $519.14 
Lang,Shepard,463188687511,848490340, $315.36 
Brennan,Amirah,554145286624,132672978, $737.30 
Macias,Curtis,676199118108,259655504, $420.54 
Kelley,Adley,840282394940,221674097, $675.35 
Gates,Eric,227898934394,963644832, $868.34 
Schroeder,Melina,390195034182,990412284, $295.37 
Schultz,Izaiah,428064781380,420665444, $944.12 
Fisher,Briella,251233015859,147738386, $551.71 
Strickland,Gael,346685679046,653889543, $610.00 
Crane,Nia,662915693842,845363923, $693.91 
Barker,Fox,841997734073,682001990, $529.89 
Blevins,Remington,700939711927,916675774, $152.32 
Velasquez,Avi,482895589686,253668270, $447.05 
Russell,Esme,976384537138,618368228, $105.07 
Melendez,Weston,48785346070,164093520, $570.56 
Terrell,Bethany,918200669628,324972674, $869.52 
Wilkerson,Jaxen,439643470926,443160046, $843.50 
Bowman,Janiyah,247969463160,706723193, $761.10 
Benton,Francisco,165795704542,296439793, $432.20 
Carpenter,Anais,775610007236,627184115, $786.80 
Burke,Jeremy,254835954093,232276303, $482.73 
Foley,Vera,537854767135,640300990, $858.10 
Jordan,Mohammad,821784652554,366639969, $226.27 
Hood,Adalynn,978759157078,292966431, $138.84 
Boone,Brixton,767553863700,574773894, $229.37 
Rivers,Mariam,116760176549,662570743, $676.52 
Lang,Bear,175588505315,926709881, $420.79 
Bradshaw,Amirah,14297441287,849913148, $792.93 
Harrington,Emory,698662969156,972688924, $492.94 
Mejia,Legacy,978284722715,899200443, $677.89 
Krueger,Atticus,37030149587,145797440, $320.00 
Benjamin,Kamari,290252831310,256721454, $419.23 
Sosa,Kyro,369025613518,373945069, $930.89 
Stein,Cassandra,128319827801,264009244, $369.57 
Benson,Creed,464205597897,874317169, $387.75 
Kirby,Collins,559194315291,502392739, $335.22 
Richmond,Tony,477603424163,806885708, $942.05 
Woodard,Whitney,623662790685,245912188, $801.78 
Wright,Westley,657190668584,295617370, $334.27 
Chen,Lily,89673681999,313540676, $129.65 
Wilkins,Emmanuel,921165929848,405658578, $769.20 
Bryan,Amalia,855972413393,317271216, $978.38 
Hanna,Jaxtyn,138016460577,234409013, $263.65 
Wallace,Cynthia,676762602868,535016975, $128.20 
Morton,Chase,657828551833,647455705, $322.34 
McDonald,Mallory,527578230742,966197947, $911.82 
Silva,Calvin,524183327215,554170869, $422.32 
Jordan,Lucia,817839430040,599086760, $714.64 
Dickerson,Sawyer,658209358870,444779681, $858.59 
Hutchinson,Opal,500637378935,757316297, $567.11 
McClure,Korbin,83359305938,485934064, $457.56 
Khan,Estella,252358512888,333265413, $766.37 
Blair,Kendrick,918513655902,235673462, $529.17 
Hubbard,Frances,795517813720,311409156, $168.62 
Barnes,Forrest,585722640680,898732898, $119.96 
Fuentes,Liliana,664080581007,979703723, $236.03 
Klein,Bowen,503939479892,946968098, $239.84 
Chen,Elianna,305353807432,523385399, $863.05 
Wolf,Emmanuel,818164633939,543950625, $922.29 
Ward,Jolene,808636983341,257556569, $134.47 
Peterson,Jameson,745964443541,476595164, $446.36 
Rangel,Caroline,470413291719,434195353, $528.17 
Sawyer,Saint,343678483658,601423669, $526.64 
Davis,Marina,927690782886,876461272, $369.32 
Woods,Lucas,435586081077,271711468, $446.88 
Odom,Reese,425693439339,553260297, $682.84 
Freeman,Kylian,554805550208,455816157, $342.47 
Barajas,Norah,201233441571,131745632, $252.75 
McConnell,Brennan,180990579403,217842011, $372.18 
Yoder,Denise,967710414792,715109017, $176.42 
Warren,Johan,764729589668,104669557, $470.94 
Fields,Sloane,537188660262,464854425, $126.63 
Magana,Clayton,938568311577,936309024, $499.39 
Pittman,Amaris,515218826809,936118214, $471.01 
Campbell,Valentino,993426550800,871956762, $550.35 
Casey,Addison,367277044206,223330173, $924.21 
Koch,Armando,359062532451,324010630, $233.69 
Friedman,Milana,292634161655,340434292, $626.96 
Pugh,Darwin,757638532580,199903480, $151.56 
Delacruz,Landry,485072714196,870945010, $100.50 
Arroyo,Memphis,634495214299,244769700, $364.25 
Rich,Kyra,252769365780,232636814, $755.66 
Carey,Miller,845792377023,796785650, $284.73 
Mullins,Alora,567999170592,976742135, $221.60 
Calderon,Allen,353238574436,706678055, $588.04 
Lopez,Serena,64231607875,175807508, $772.36 
Rice,Michael,652774929373,429112348, $707.20 
O’Connor,Ada,600124794763,135921310, $731.54 
Archer,Princeton,618472278212,573904179, $526.44 
Barton,Kadence,842145026476,920869765, $613.33 
Conway,Cassius,558792493491,458595240, $141.80 
Norris,Ryann,549303723690,294897369, $359.29 
Stevenson,Cairo,522109577611,353551129, $112.05 
Beck,Regina,213825027856,373487977, $157.82 
Burch,Eduardo,135912061326,587289229, $259.51 
Maxwell,Freyja,398769996781,439259291, $344.08 
O’Donnell,Eden,324813755944,650056504, $316.65 
Delgado,Bellamy,8760253744,891155061, $518.64 
Cunningham,Colt,642360839281,767685636, $445.29 
Olson,Marley,275538810056,886298688, $597.45 
Cannon,Malachi,952161695789,207687892, $959.69 
Nolan,Noa,511570379736,664717898, $782.17 
McFarland,Maximo,915506754664,564317199, $538.40 
Ward,Annika,810418342796,608334073, $224.40 
Terrell,Jameson,704303449049,395973809, $659.96 
McCarthy,Paityn,709946887409,584850683, $640.82 
Lindsey,Devin,942524870422,494187277, $565.57 
Hendrix,Colette,8754566943,616137929, $189.73 
Blair,Korbyn,410332008009,466380615, $721.17 
Lim,Frances,32254760894,921066851, $798.48 
Ellis,Cal,323614955533,925502547, $520.12 
Davidson,Ayla,988966253803,329639767, $165.14 
Wang,Dante,479088562523,783535456, $246.33 
Trevino,Kailani,942979019182,158291942, $579.59 
Potter,Jaime,902076968886,149632952, $317.45 
Holt,Rory,408315211914,700263122, $419.66 
Vazquez,Niko,169162692449,559211213, $262.99 
Baldwin,Journee,216083724467,316494810, $878.12 
Garza,Jaiden,526562928984,508176915, $758.06 
Robertson,River,652861354565,888876805, $528.93 
Barry,Emiliano,763948866546,473755409, $601.51 
Malone,Waverly,764873413518,331600693, $119.35 
Villegas,Ruben,432845245466,343829337, $595.50 
Edwards,Jessie,451453314630,755522521, $102.49 
Benitez,Adrian,50467990392,250769789, $707.04 
Allen,Aliza,117392610323,788789821, $276.81 
Shelton,Carter,732386262403,176175562, $257.33 
Hensley,Makenzie,815455520930,659927986, $486.39 
Howard,Layne,474557987926,631088246, $565.20 
Ball,Sophie,563208218936,632515924, $188.97 
Jacobs,Shane,227915528423,657880625, $418.58 
Benitez,Camilla,117949884457,148693754, $517.92 
Whitney,Justice,833984995540,559380839, $122.27 
Diaz,Madalynn,596523720843,176148479, $382.59 
Sutton,Nathan,151893768680,308222004, $594.71 
Frank,Izabella,67899408546,196165382, $314.47 
Ingram,Braylen,619554168411,995820557, $788.21 
Aguilar,Katie,227560180953,935579217, $569.12 
Leach,Milo,991134385782,505680173, $118.90 
Richardson,Martha,540447755409,979852701, $159.66 
Miranda,Robert,525371866038,891871091, $852.98 
Gallagher,Amina,343424463616,616628061, $971.60 
Marquez,Marcos,335808238293,491745353, $615.89 
Frederick,Milani,708520942861,437042941, $968.51 
Mathews,Kase,955598567129,975893903, $866.31 
Fisher,Sloan,329915880507,251037068, $206.58 
Foster,Gael,946767097639,328923457, $511.63 
Kaur,Brielle,303145701043,971264039, $268.62 
Powell,Augustine,736050963209,813160211, $725.80 
Mercado,Vivian,588201424460,787418557, $160.04 
Leal,Abram,785575003309,304812119, $413.81 
Barker,Murphy,507678888834,665440134, $633.44 
O’Connor,Kade,221424175740,945331260, $300.65 
Douglas,Charli,342811077536,232700228, $174.81 
Conrad,Derek,640306562448,913416546, $598.02 
Dickson,Bexley,901153891133,381837807, $649.35 
Dunlap,Maxton,241597520799,522643271, $718.69 
Gonzales,Iliana,537906297178,806702786, $886.72 
Corona,Brayden,120229058506,830258656, $576.06 
Hale,Marianna,155963510949,187518381, $787.19 
Keith,Ezequiel,585909317930,599675350, $672.62 
Phan,Elyse,773557733935,325111039, $969.84 
Goodman,Maison,164885262791,564667135, $874.93 
Montoya,Carolina,944592671632,720709286, $111.67 
Donovan,Ford,183542626144,732541206, $673.20 
Hoover,Azariah,948131424796,205247256, $678.61 
Chavez,Jaziel,489837542856,390211377, $628.28 
Rivera,Nevaeh,497333988547,620243033, $342.78 
Quinn,Charles,319472605434,709976508, $322.32 
Woods,Heaven,7348563738,395386742, $725.17 
Hull,Zion,540634171804,948603942, $692.47 
Buchanan,Andi,326822828136,688521202, $391.10 
Xiong,Enrique,38628635719,813629158, $121.78 
Lindsey,Amayah,542492695811,404242725, $122.28 
Proctor,Jayson,477302743440,579239239, $470.94 
Faulkner,Chandler,798002918160,181088365, $639.95 
Meza,Jabari,194697964302,427095552, $622.14 
Osborne,Rosa,225325189501,735321853, $913.23 
McCann,Augustus,434927579277,250786554, $681.27 
Galindo,Joyce,493734666813,363853713, $168.42 
Freeman,Salvatore,594746933425,271277679, $296.56 
Meadows,Norah,423715022917,320414733, $606.25 
Case,Wayne,377964450183,236504904, $231.38 
Norris,Cleo,286907414177,539445034, $185.67 
Compton,Cairo,765376904857,787312150, $667.39 
Bullock,Elina,153976230381,845083510, $532.33 
Fitzpatrick,Ben,10906138893,961433117, $314.67 
Cherry,Annabella,396752946491,985152373, $530.26 
Mathews,Rome,681056362955,475570403, $802.25 
Tapia,Sloan,429363819031,544648899, $205.29 
Cortes,Samir,687621449035,863012720, $701.00 
Gallagher,Lea,209098616272,430984594, $637.19 
Jaramillo,Marcos,239009894366,397771586, $945.13 
Russo,Guadalupe,348755882485,422897451, $740.54 
Ramsey,Jamie,377565441770,693466020, $373.42 
Wiggins,Lyric,930705865267,109894401, $564.56 
Terry,Azariah,396794881224,949035538, $548.61 
Collins,Wren,517590059895,906355894, $752.69 
Clayton,Miles,453033155682,777075888, $600.70 
Lowe,Saige,725172847517,653158800, $980.27 
Choi,Julius,563492618878,117837208, $669.57 
Dean,Karla,613946903261,445964699, $270.90 
Hunt,Ronan,372344853520,392525464, $803.54 
Barton,Genevieve,829781145022,490359515, $420.74 
Huynh,Cassius,998360860655,519926557, $678.06 
Moody,Oaklee,138993474548,581150278, $836.29 
Hubbard,Ryland,722336841774,225277780, $378.72 
Glover,Rosie,785365192480,970327478, $853.32 
Kim,Mack,156394161601,684150299, $536.05 
O’brien,Gabriella,765493328317,322971044, $321.78 
Mercado,Riley,40947535143,469188958, $657.53 
Long,Mckinley,932609647693,161822788, $690.69 
Hancock,Jace,687850896,675511689, $797.06 
Sherman,Katelyn,90672921730,280264654, $811.26 
Velazquez,Adan,989481858517,809006269, $162.35 
McFarland,Jaliyah,19898142979,727987153, $258.94 
Jefferson,Dane,778187233683,920816249, $551.09 
Wallace,Julieta,610509340922,704666937, $851.80 
Tate,Chase,30458220768,136920064, $700.18 
Humphrey,Skye,858456800163,887093213, $757.77 
Owens,Krew,78911951634,446810781, $705.83 
Gallegos,Amaya,813954583213,130430099, $973.55 
Bruce,Jonas,706213162388,899169337, $842.11 
McConnell,Marilyn,419139554556,150855267, $104.69 
Morris,London,973804346958,743567022, $583.24 
Avery,Genesis,847081491606,274559261, $150.37 
Gonzales,Jakari,831415414901,599826143, $282.10 
Pineda,Hadley,591994170364,628383460, $390.97 
Whitney,Gerardo,443690154626,740123874, $574.46 
Kirk,Madalynn,619036840700,193844939, $257.60 
Mayo,Alessandro,103498963267,821436967, $783.52 
Howe,Aarya,534184868451,414269844, $791.95 
Morrison,Alaric,357328560656,589763018, $625.59 
Nunez,Rebecca,631180400066,647720007, $621.95 
Marsh,Caden,297561081048,217038440, $777.31 
Simpson,Adelina,933078950010,456048069, $494.08 
McCoy,Elliott,733851462840,702204132, $848.78 
Cantrell,Mckenzie,702803437961,740017149, $933.72 
Jackson,Harris,350309941437,897327923, $479.11 
Lugo,Avery,15464064510,962380332, $967.42 
Maynard,Santos,647793997144,142952955, $160.21 
Mack,Carolyn,807149698773,437937135, $961.22 
Palacios,Esteban,472840030136,319880255, $718.24 
Summers,Bria,831826241685,438170483, $193.19 
O’Donnell,Darius,910641135098,989912749, $736.01 
Wong,Bellamy,150617402455,777740479, $314.79 
Norton,Walter,683153272802,230690179, $322.45 
Lawrence,Kylee,773192844727,659904568, $504.27 
Ventura,Kaleb,648771314143,344559855, $589.24 
Callahan,Zora,561840283303,666058428, $321.93 
Everett,Quinton,696995694135,741538219, $818.84 
Grimes,Noah,687441120501,516172427, $883.70 
Hudson,Harlan,248040364043,115334901, $452.49 
Morrison,Kamila,510855700348,946809228, $474.85 
Rojas,Maximus,971119463963,272787441, $836.58 
Poole,Adaline,350630477129,785847359, $146.81 
Collins,Quincy,540784433415,891216598, $558.06 
Baldwin,Kinsley,485730396294,824740959, $250.87 
Stark,Jaiden,374273152123,869043488, $613.83 
Banks,Kamilah,249896035255,923310917, $302.76 
Schultz,Martin,456143957924,971823843, $838.36 
Lyons,Briella,65564955623,222399728, $753.30 
Murillo,Cyrus,31323726735,498593288, $133.70 
McIntyre,Mikaela,967580612902,692094794, $709.02 
Hardy,Eliseo,331509540044,607107154, $312.86 
Mann,Jessica,167332859914,815934284, $394.73 
Skinner,Nehemiah,12645391072,414218666, $389.67 
Hanna,Mara,78486408917,770472549, $134.65 
Spence,Aydin,487637488670,907378580, $566.38 
Santiago,Aislinn,838668147351,158500085, $275.22 
Mendez,Beckham,517155221056,174101560, $260.06 
McPherson,Londyn,435223792174,263975211, $492.28 
Arellano,Foster,104797058226,430149710, $101.48 
Bryan,Faye,644024331778,861241137, $277.38 
Booth,Jaxtyn,849746649479,711908016, $500.34 
Benton,Zariyah,249105014034,250612661, $853.25 
Pena,Jamal,567183127227,818485215, $576.94 
Chambers,Rachel,351384326544,357495758, $477.38 
Guerra,Orion,307718532253,700718293, $345.10 
Greene,Edith,125342658653,672809991, $377.67 
Christensen,Griffin,483481828685,742649270, $731.89 
Harrison,Carmen,508046618670,296835689, $262.73 
Cantrell,Gavin,988643878563,354210481, $662.37 
Lin,Yamileth,259427167929,908888791, $478.67 
Raymond,Conor,967521409822,756869387, $462.45 
Phillips,Hadlee,699817278462,840033724, $578.69 
Avery,Andrew,77975261940,649331182, $108.64 
Hobbs,Meghan,993825847018,606250219, $485.34 
Briggs,Brendan,907472369470,571480100, $276.83 
Steele,Alia,225143543444,392101166, $541.88 
Walters,Elian,519554676375,921868858, $995.02 
Hines,Samara,357232761924,617842545, $309.31 
Fisher,Uriel,566929136615,979107949, $631.64 
Callahan,Arya,229544443172,386029944, $972.72 
Macias,Quinton,668579304867,338970414, $632.60 
Beck,Adley,815677365670,383893029, $966.03 
Le,Eduardo,950008160049,340331155, $175.04 
Wise,Myla,166746813869,696083151, $258.75 
Wong,Frederick,119676708962,754203513, $706.57 
Buchanan,Adelaide,553662503433,568975742, $902.71 
Davidson,Enrique,606210322114,306029059, $157.44 
Arnold,Jayla,8193892461,174975716, $175.08 
Logan,Abraham,400120049385,747512306, $758.51 
Garrett,Kora,72344637016,757671502, $183.67 
Maxwell,Kairo,665966285979,938214892, $598.44 
Mendoza,Kyla,162728563128,537802980, $391.42 
Wang,Dominic,850590616124,714276322, $849.85 
Pace,Kailani,487129033987,352054098, $320.99 
Drake,Dior,892848818145,429477022, $105.99 
Combs,Jayleen,895480043358,579413130, $297.83 
Stephenson,Ahmad,854652800346,263305516, $364.21 
Keller,Khaleesi,88547607521,693338203, $868.53 
Kaur,Nico,318792040136,159464161, $664.13 
Hammond,Holland,201301651192,406598351, $613.78 
Rasmussen,Francis,542009195337,134964047, $851.44 
Farley,Esperanza,743480308322,275946830, $771.77 
Williamson,Graysen,827731426591,698553698, $576.53 
Frye,Catherine,230135419418,926433361, $137.31 
Colon,Franco,535610894015,537941120, $781.28 
Bryant,Remy,14288202150,865108382, $236.63 
Valentine,Jonah,645283965297,901635893, $480.16 
Dickerson,August,898274668536,596889919, $792.49 
Lim,Flynn,27101651309,907918435, $434.78 
Jacobs,Giavanna,623545129067,962340295, $194.96 
McKee,Bryan,842797019131,989888519, $693.81 
Chapman,Kori,49112436747,900250781, $560.16 
Curtis,Knox,427392795096,988731773, $413.41 
Ibarra,Alexis,744014078928,833887276, $285.51 
Santana,Asa,773842003597,636759999, $914.66 
Hurst,Myra,58172728832,368238215, $538.50 
McClure,Neil,208401267541,870971948, $601.47 
Barker,Estella,332905268949,174975810, $341.63 
Bruce,Kade,723044478847,810816898, $733.69 
Andrade,Marilyn,419693866430,501063635, $649.93 
York,Abdiel,615653532449,973513221, $596.43 
Rivers,Milan,809799311528,141503383, $507.38 
Avery,Bear,645445541011,178964857, $966.96 
Hart,Meghan,600984565751,549581082, $898.07 
York,Joel,44730728099,834808739, $281.97 
Hardin,Milan,943832057215,155202540, $824.82 
Novak,Hassan,707452171581,554607020, $307.59 
Escobar,Kaiya,459793393753,753316458, $699.63 
Robertson,Zachariah,837402296049,251662363, $124.97 
Freeman,Harmony,967760327872,813159250, $790.95 
Carpenter,Jayce,165022072425,395832365, $971.46 
Cameron,Lilly,505715135672,525300485, $863.81 
Archer,Rayan,457379214080,686122441, $609.00 
Reyes,Kadence,103676627121,795773359, $986.64 
Gill,Eli,428184630391,541413446, $402.55 
Villarreal,Jordan,793890726604,274582648, $223.23 
Dillon,Nikolai,165268674652,342383715, $989.20 
Navarro,Laurel,723910105264,976495426, $944.86 
Butler,Reid,174283525589,769398071, $284.12 
Wilkinson,Athena,667718248808,800489145, $110.65 
McKee,Leonard,721287123706,736552770, $613.55 
Benitez,Kori,854805676232,974049407, $468.60 
Gillespie,Justice,922089162043,102921842, $660.44 
Webster,Alianna,656971055063,762396574, $435.88 
Tate,Shawn,557557379066,106233564, $972.36 
McCall,Skye,350640704845,316532849, $962.55 
Gray,Kiaan,942877223211,207574741, $283.33 
Bridges,Sarah,750709455246,846572768, $950.00 
Munoz,Mohammed,636216294133,367258996, $997.67 
Craig,Kehlani,545604080893,560793096, $922.39 
Ward,Odin,489373812062,573695937, $443.01 
Weeks,Ariana,924914631783,804392556, $272.40 
McClain,Anders,856111709404,267940049, $725.45 
O’Connor,Marleigh,574986988914,134477304, $199.09 
Velez,Princeton,628936117084,375356133, $517.14 
Beasley,Megan,782459711899,303140239, $325.20 
McDowell,Stanley,671163659261,622744537, $721.84 
Zamora,Rayna,275661883045,441165279, $242.35 
Cruz,Quentin,366482361877,109471290, $352.75 
Leach,Claire,512334774945,379102342, $529.05 
Dominguez,Westin,705276906513,991971272, $419.33 
Bartlett,Raegan,398344823318,144295633, $309.79 
Ware,Kace,106820228155,477214157, $212.60 
Travis,Eileen,256936308899,664414274, $879.90 
Hayden,Willie,917729734202,949640111, $531.00 
Gregory,Avayah,981419884090,890761024, $888.43 
Michael,Travis,440466234613,834811335, $382.12 
Vance,Aubriella,602755993003,803569887, $157.57 
Reynolds,Casen,557918152585,304978492, $627.15 
Summers,Isabelle,569740255429,805595761, $389.78 
Romero,Darius,911815310455,402288125, $965.36 
Caldwell,Eliza,269312135776,940787464, $429.83 
Crawford,Rylan,61906201196,189100714, $637.83 
Atkinson,Aubree,147815295762,543075257, $500.92 
Sherman,Duke,660524176074,414992433, $420.63 
Marshall,Addilyn,193823799003,541443561, $852.25 
Garza,Kaiden,416965017916,704761858, $886.52 
Santiago,River,929729877557,580362894, $658.11 
Fowler,Beckham,118553494373,663703279, $407.97 
Valdez,Lennon,623269874138,360171245, $896.83 
Moran,Kyler,918574716742,870611394, $457.03 
Stout,Celeste,945014071343,194546272, $140.76 
Ray,Callahan,224030924292,655994155, $139.41 
Arias,Ruth,531269291655,665688755, $911.38 
Olson,Alec,625758531289,908049104, $860.21 
Stone,Isabel,392798088327,971160506, $828.01 
O’Connor,Finn,732171400736,239631208, $430.67 
Pittman,Charli,400950374260,733134316, $529.68 
Colon,Valentino,484478745250,516930485, $455.53 
Cline,Remy,49733323722,349140438, $865.01 
Howe,Cullen,526547919636,398985668, $654.30 
Ball,Persephone,504034295294,739994773, $775.43 
Campos,Shane,531175500313,918495181, $112.34 
Harvey,Sutton,659885655320,583281308, $152.85 
Love,Cayden,201869540549,321795692, $983.11 
Harvey,Avianna,673296838736,241157026, $100.79 
Lang,Cayden,735661880732,827521824, $498.76 
Hester,Amirah,493986557759,550826344, $833.35 
Zamora,Rene,333671108050,873653622, $816.49 
Haley,Sierra,249793401964,244241761, $326.59 
Mack,Leif,688170977633,464473384, $677.67 
Roach,Nadia,183663403701,861428433, $334.57 
Montgomery,Caspian,999663014589,462684339, $971.32 
Mendoza,Evangeline,359310224092,941834980, $371.26 
Travis,Dominic,985613008532,291003390, $634.18 
Elliott,Mazikee,507975714166,548276511, $461.23 
Salas,Blake,414380285994,469536479, $615.40 
Bond,Amber,323666299530,541604275, $310.46 
Holt,Roger,743806300939,127528526, $452.37 
Levy,Adelynn,836626251344,446614253, $584.66 
Quinn,Harold,896538060547,127777248, $751.18 
Jaramillo,Heaven,341234901034,610982172, $102.19 
Portillo,Riggs,745041666219,995025801, $309.94 
Wolf,Nathalie,847046614195,638584876, $543.81 
Morton,Jase,978642409999,500940265, $688.64 
Bonilla,Mallory,105360801630,101100539, $493.30 
Corona,Aden,225560870901,821420614, $222.67 
Tanner,Marianna,167719742448,826469443, $493.39 
Cuevas,Bruno,999379046565,312967142, $405.75 
Friedman,Adele,967805815376,380502291, $262.93 
Ibarra,Darwin,794383310159,287704220, $695.23 
Glass,Madilynn,399421607411,532179546, $553.26 
Frost,Allan,749441608008,597289487, $691.27 
Petersen,Paula,300886229002,873644095, $462.68 
Lyons,Samson,438095035727,324170754, $291.34 
Warren,Kenzie,705391399492,109884478, $771.84 
Mack,Abel,635569575755,890111889, $946.46 
Perry,Nadia,717098380047,840743359, $489.13 
Alfaro,Waylon,461301812799,143058602, $747.85 
Andersen,Yasmin,579188243834,690681596, $229.95 
Perry,Alistair,890976755018,628527458, $852.85 
Hendricks,Clara,121560453564,435017264, $285.00 
Clarke,Dash,342066123056,671790220, $298.73 
Edwards,Kaitlyn,201764933283,127318259, $358.94 
Vaughan,Adrian,773210330689,712387098, $610.71 
Meadows,Nancy,112976762789,203651857, $992.96 
McCullough,Wayne,132858268039,763494004, $307.23 
Rich,Hana,251105098615,766228285, $460.18 
Thomas,Miller,379866465857,756415487, $585.86 
Wise,Elizabeth,110501839777,565386884, $571.36 
Russo,Frederick,935336564132,514342236, $254.34 
Woods,Tinsley,667946155207,410439624, $717.00 
Stuart,Zion,755602030736,991481804, $928.68 
Newman,Stormi,407506455056,606434379, $762.96 
Sheppard,Anderson,287269007003,987374031, $992.22 
Cole,Veda,725799107343,566791658, $426.12 
Higgins,Nathaniel,421844530890,439444602, $556.45 
Graham,Leighton,246348379270,655443392, $450.74 
Todd,Giovanni,734682853068,328386646, $519.86 
Montes,Zariah,960604214517,452842470, $913.08 
Lucero,Darren,918493429374,543597213, $350.04 
Barry,Ila,51353127389,836740086, $913.25 
Velez,Emery,523015473486,160215145, $855.18 
Espinoza,Megan,390479324908,407789904, $627.24 
Villa,Dallas,441147331795,357922694, $930.75 
Daugherty,Johanna,423384591107,112543148, $993.60 
Gaines,Turner,817889926481,569060347, $799.84 
Horn,Aya,325276719321,204853769, $522.72 
Lowe,Wilson,381394307620,337341474, $906.04 
McCarty,Amari,754418957195,147701538, $622.98 
Abbott,Blaise,857213098163,216191970, $394.27 
Sharp,Melany,184399356529,311403965, $899.67 
Roman,Royce,172290566911,687669715, $295.52 
Salazar,Astrid,538599579201,156192313, $733.09 
Evans,Brody,707977091217,640354030, $597.67 
Hardin,Eliana,383534876324,828949935, $761.69 
Strickland,Hassan,748948345378,767770031, $541.00 
Beck,Nia,961197006627,749954013, $370.62 
Friedman,Eduardo,554044917538,401354232, $105.41 
Hansen,Aspyn,740960004054,336136177, $217.10 
Hines,Charlie,28575378666,644889632, $338.90 
Fowler,Poppy,490180029956,279826791, $288.61 
Mitchell,Kameron,95535245238,708856567, $572.12 
Simmons,Willow,567212566688,672781873, $333.62 
Sullivan,Harrison,432747022238,362432171, $601.81 
Roach,Melanie,759407208486,167239419, $356.76 
Grant,Caspian,291294132036,385199798, $319.58 
Erickson,Alaina,698952904522,900836593, $481.60 
Giles,Johnny,139524457947,333992715, $454.74 
Newman,Bailee,188620569256,400077964, $211.05 
Le,Anderson,796904190607,827854513, $306.16 
Hartman,Myla,511675485005,832320839, $453.90 
Padilla,Baker,558381513996,956692534, $488.42 
Wheeler,Maggie,716672284569,627158799, $265.01 
Bradford,Kenneth,263398170800,847101112, $520.11 
Knox,Rhea,255948288949,513433498, $916.87 
Love,Valentin,117749239157,717415774, $594.39 
Elliott,Avianna,499663174673,165883589, $325.45 
Arellano,Blake,410776146622,907989495, $324.09 
Gallagher,Faye,828702810434,142305196, $710.12 
Lane,Marcos,56905437505,123630621, $319.89 
Stout,Amy,44801853869,504320679, $313.15 
O’Neill,Callahan,823876821199,995628539, $768.86 
Ford,Kenna,111200126532,214415515, $270.81 
Daugherty,Luis,379473505569,563221198, $403.32 
Brooks,Magdalena,261320323514,172899581, $319.02 
Schaefer,Jordan,714212761282,236407631, $963.96 
Avila,Mavis,277103203804,936123829, $641.62 
Newman,Jaylen,408721076907,854377726, $151.02 
Velez,Oaklynn,523229526129,842344647, $734.96 
Daugherty,Kareem,117548426203,807094417, $970.82 
Duke,Magdalena,95781218305,661625195, $666.63 
Orozco,Kalel,372687143385,545925380, $472.99 