EmployeeID,FirstName,LastName,AccountType,RoutingNumber,AccountNumber,Amount
0001,Nacho,Libre,Checking,123454321,123123123123,1337.00 
0002,Massey,Kenzo,Checking,707537410,716450824261,998.28 
0003,Munoz,Mohammed,Checking,367258996,636216294133,997.67 
0004,Duran,Terry,Checking,103913879,522007895797,996.10 
0005,Walters,Elian,Checking,921868858,519554676375,995.02 
0006,Daugherty,Johanna,Savings,112543148,423384591107,993.60 
0007,Santiago,Jair,Checking,497273001,630698397873,993.29 
0008,Meadows,Nancy,Savings,203651857,112976762789,992.96 
0009,Sheppard,Anderson,Checking,987374031,287269007003,992.22 
0010,Chandler,Noe,Checking,982151601,151787090790,990.65 
0011,Valencia,Richard,Checking,353796760,249929851452,989.34 
0012,Dillon,Nikolai,Checking,342383715,165268674652,989.20 
0013,Nixon,Charlie,Savings,513545313,852981571405,988.31 
0014,Paul,Casen,Checking,915433128,649824855148,987.13 
0015,Ortega,Alena,Savings,403061970,413702724493,986.74 
0016,Reyes,Kadence,Savings,795773359,103676627121,986.64 
0017,Mahoney,Junior,Checking,673470626,745216986475,985.10 
0018,Jennings,Melina,Savings,260823864,192678128156,984.36 
0019,Love,Cayden,Checking,321795692,201869540549,983.11 
0020,Buck,Clementine,Savings,201790062,671989224722,982.68 
0021,Lowe,Saige,Savings,653158800,725172847517,980.27 
0022,Bryan,Amalia,Savings,317271216,855972413393,978.38 
0023,Costa,Jon,Checking,204902301,149572941293,978.15 
0024,Moss,Xzavier,Checking,756853425,34556224313,977.45 
0025,Gallegos,Amaya,Savings,130430099,813954583213,973.55 
0026,Callahan,Arya,Savings,386029944,229544443172,972.72 
0027,Tate,Shawn,Checking,106233564,557557379066,972.36 
0028,Gallagher,Amina,Savings,616628061,343424463616,971.60 
0029,Carpenter,Jayce,Checking,395832365,165022072425,971.46 
0030,Montgomery,Caspian,Checking,462684339,999663014589,971.32 
0031,Daugherty,Kareem,Checking,807094417,117548426203,970.82 
0032,Phan,Elyse,Savings,325111039,773557733935,969.84 
0033,Frederick,Milani,Savings,437042941,708520942861,968.51 
0034,Lugo,Avery,Savings,962380332,15464064510,967.42 
0035,Mullins,Elliott,Checking,590701913,312059639210,966.97 
0036,Avery,Bear,Checking,178964857,645445541011,966.96 
0037,Beck,Adley,Savings,383893029,815677365670,966.03 
0038,Wise,Isaac,Checking,331823758,145053815149,965.73 
0039,Romero,Darius,Checking,402288125,911815310455,965.36 
0040,Schaefer,Jordan,Checking,236407631,714212761282,963.96 
0041,O’Neal,Rebecca,Savings,475014518,811136827447,962.72 
0042,McCall,Skye,Savings,316532849,350640704845,962.55 
0043,Mack,Carolyn,Savings,437937135,807149698773,961.22 
0044,Cannon,Malachi,Checking,207687892,952161695789,959.69 
0045,Bender,Felix,Checking,481186441,143414599244,959.52 
0046,Kelley,Nico,Checking,956584953,695412021601,956.31 
0047,Owens,Brinley,Savings,455879874,826189697245,956.07 
0048,Lu,Lena,Savings,134391797,619822246884,954.91 
0049,Pham,Zoey,Savings,607902032,891261142508,954.06 
0050,Wood,Iliana,Savings,323423853,126334918105,952.83 
0051,Thornton,Drew,Savings,633634251,405985350463,952.04 
0052,Bridges,Sarah,Savings,846572768,750709455246,950.00 
0053,Chavez,Ramona,Savings,834085690,538777808203,947.43 
0054,Nelson,Ian,Checking,376578503,907984137618,946.96 
0055,Curry,Magnolia,Savings,359630648,981311146672,946.80 
0056,Alexander,Easton,Checking,867286376,992181785262,946.71 
0057,Mack,Abel,Checking,890111889,635569575755,946.46 
0058,Newman,Leia,Savings,437183687,144790801232,945.57 
0059,Jaramillo,Marcos,Checking,397771586,239009894366,945.13 
0060,Navarro,Laurel,Savings,976495426,723910105264,944.86 
0061,Schultz,Izaiah,Checking,420665444,428064781380,944.12 
0062,Ellison,Wesson,Checking,728925318,535394325872,943.67 
0063,Mitchell,Aurora,Savings,964463628,720682091962,943.60 
0064,Richmond,Tony,Checking,806885708,477603424163,942.05 
0065,Villalobos,Rowen,Checking,475113053,232718099070,941.27 
0066,Reed,Kinley,Savings,890223584,564214680163,940.62 
0067,Weber,Axton,Checking,816221788,861302062836,938.38 
0068,Matthews,Ariah,Savings,381749124,538607828405,937.02 
0069,Dunlap,Aziel,Checking,998080146,111932378446,934.79 
0070,Cantrell,Mckenzie,Savings,740017149,702803437961,933.72 
0071,Fuller,Jagger,Checking,299833619,425469602788,932.90 
0072,Hampton,River,Checking,272707487,889726675443,932.63 
0073,Parrish,Preston,Checking,283052091,667770212930,932.49 
0074,Sosa,Kyro,Checking,373945069,369025613518,930.89 
0075,Rivas,Elaina,Savings,709451866,772435315319,930.77 
0076,Villa,Dallas,Checking,357922694,441147331795,930.75 
0077,Curry,Everly,Savings,305986878,974575617725,930.36 
0078,Weaver,Emilio,Checking,821935203,695101949353,928.96 
0079,Boyd,Melany,Savings,719348098,344001266794,928.81 
0080,Stuart,Zion,Checking,991481804,755602030736,928.68 
0081,Collier,Bailee,Savings,120114304,47646602879,928.45 
0082,Weber,Madelyn,Savings,598803459,661446617377,926.97 
0083,McCarthy,Quincy,Checking,781768387,953098996403,924.59 
0084,Simpson,Promise,Savings,496406750,100355637930,924.37 
0085,Casey,Addison,Savings,223330173,367277044206,924.21 
0086,Craig,Kehlani,Savings,560793096,545604080893,922.39 
0087,Wolf,Emmanuel,Checking,543950625,818164633939,922.29 
0088,Xiong,Nataly,Savings,381786111,443696833522,920.76 
0089,Weeks,Sarai,Savings,202681136,408814620503,917.36 
0090,Knox,Rhea,Savings,513433498,255948288949,916.87 
0091,Mora,Magnus,Checking,341602789,380926353352,916.82 
0092,Graham,Jaxon,Checking,340827123,842583041074,916.71 
0093,Murray,Jacqueline,Savings,417967874,893611910787,915.66 
0094,Santana,Asa,Checking,636759999,773842003597,914.66 
0095,Quintana,Elsa,Savings,790377877,52123624459,913.47 
0096,Barry,Ila,Savings,836740086,51353127389,913.25 
0097,Osborne,Rosa,Savings,735321853,225325189501,913.23 
0098,Montes,Zariah,Savings,452842470,960604214517,913.08 
0099,Johnston,Oaklynn,Savings,905079182,284868867054,912.67 
0100,McDonald,Mallory,Savings,966197947,527578230742,911.82 
0101,Cox,Jack,Checking,278634935,17933913833,911.54 
0102,Arias,Ruth,Savings,665688755,531269291655,911.38 
0103,Wright,Rayan,Checking,725916414,496653143104,911.16 
0104,Sims,Samson,Checking,396335201,875508792892,908.11 
0105,Blair,Landen,Checking,359341069,800661690678,907.19 
0106,Lowe,Wilson,Checking,337341474,381394307620,906.04 
0107,McCarthy,Astrid,Savings,874249193,91970795836,904.98 
0108,Buchanan,Adelaide,Savings,568975742,553662503433,902.71 
0109,Sharp,Melany,Savings,311403965,184399356529,899.67 
0110,Walls,Ivory,Savings,624871498,91741096194,899.29 
0111,Bartlett,Alicia,Savings,977941813,747054886414,898.53 
0112,Villa,Gage,Checking,740681144,493502435176,898.34 
0113,Hart,Meghan,Savings,549581082,600984565751,898.07 
0114,Alfaro,Azariah,Savings,664818584,332584758545,896.87 
0115,Valdez,Lennon,Savings,360171245,623269874138,896.83 
0116,Moyer,Ian,Checking,397557851,297300716576,896.44 
0117,Park,Ramon,Checking,526644457,34863737574,896.09 
0118,Garrison,Lola,Savings,912819674,161071725896,894.34 
0119,Watkins,Damon,Checking,466573603,896029113927,893.03 
0120,Gregory,Avayah,Savings,890761024,981419884090,888.43 
0121,Vang,Jonah,Checking,361760618,782776795977,888.22 
0122,Gonzales,Iliana,Savings,806702786,537906297178,886.72 
0123,Garza,Kaiden,Checking,704761858,416965017916,886.52 
0124,Sierra,Joel,Checking,712303664,550875883852,884.11 
0125,Barrett,Valeria,Savings,990595767,561413837223,884.00 
0126,Grimes,Noah,Savings,516172427,687441120501,883.70 
0127,Bowers,Preston,Checking,468564626,914600676014,883.14 
0128,Travis,Eileen,Savings,664414274,256936308899,879.90 
0129,Hines,Moises,Checking,434944680,53776471477,878.97 
0130,Hart,Katie,Savings,407224714,687763308186,878.13 
0131,Baldwin,Journee,Savings,316494810,216083724467,878.12 
0132,Olsen,Koa,Checking,997736282,703770591943,877.71 
0133,Ruiz,Arielle,Savings,741621665,536909563842,877.46 
0134,Buck,Miriam,Savings,902564652,250422130550,876.62 
0135,Peck,Jaylin,Savings,162991008,908092475232,876.19 
0136,Graham,Xavier,Checking,886907461,985209648264,875.78 
0137,Oliver,Lewis,Checking,107726183,986750952350,875.40 
0138,Hubbard,Liam,Checking,570308791,129549002085,875.22 
0139,Goodman,Maison,Checking,564667135,164885262791,874.93 
0140,Burnett,Johanna,Savings,914192995,252927258646,874.58 
0141,Marin,Fabian,Checking,433069018,74590762356,873.56 
0142,Stafford,Gwendolyn,Savings,652897343,44615997150,872.73 
0143,Hampton,Teagan,Savings,379029098,157995658060,871.95 
0144,Higgins,Loretta,Savings,744745116,303008691602,871.43 
0145,Hutchinson,Duncan,Checking,736735093,225422671517,870.15 
0146,Terrell,Bethany,Savings,324972674,918200669628,869.52 
0147,Bender,Graham,Checking,408227623,699017637619,869.36 
0148,Pham,Adelyn,Savings,510006177,168002175384,868.59 
0149,Keller,Khaleesi,Savings,693338203,88547607521,868.53 
0150,Gates,Eric,Checking,963644832,227898934394,868.34 
0151,Ortega,Artemis,Savings,891314809,101722478254,867.72 
0152,Mathews,Kase,Checking,975893903,955598567129,866.31 
0153,Salas,Edison,Checking,866217079,138529202016,865.81 
0154,Cline,Remy,Savings,349140438,49733323722,865.01 
0155,Cameron,Lilly,Savings,525300485,505715135672,863.81 
0156,Chen,Elianna,Savings,523385399,305353807432,863.05 
0157,Olson,Alec,Checking,908049104,625758531289,860.21 
0158,Dickerson,Sawyer,Checking,444779681,658209358870,858.59 
0159,Fry,Jon,Checking,308043967,294186996790,858.12 
0160,Foley,Vera,Savings,640300990,537854767135,858.10 
0161,Rodgers,Clarissa,Savings,620546140,194993747051,857.57 
0162,Trejo,Frances,Savings,713752866,486141932397,856.92 
0163,Velez,Emery,Checking,160215145,523015473486,855.18 
0164,Glover,Rosie,Savings,970327478,785365192480,853.32 
0165,Benton,Zariyah,Savings,250612661,249105014034,853.25 
0166,Miranda,Robert,Checking,891871091,525371866038,852.98 
0167,Perry,Alistair,Checking,628527458,890976755018,852.85 
0168,Marshall,Addilyn,Savings,541443561,193823799003,852.25 
0169,Wallace,Julieta,Savings,704666937,610509340922,851.80 
0170,Rasmussen,Francis,Checking,134964047,542009195337,851.44 
0171,Spencer,Maliyah,Savings,571910536,755921093177,851.22 
0172,Griffin,Angelo,Checking,840562014,958816691631,850.71 
0173,Hall,Zola,Savings,360446062,778401164270,849.95 
0174,Wang,Dominic,Checking,714276322,850590616124,849.85 
0175,McCoy,Elliott,Checking,702204132,733851462840,848.78 
0176,Dejesus,Jaylah,Savings,574613758,297841303054,848.65 
0177,Ramirez,Anderson,Checking,738736097,149314047162,847.12 
0178,Richmond,Elisa,Savings,641058791,88306969749,846.53 
0179,Burton,Corey,Checking,554848992,810321138757,846.38 
0180,Higgins,Kelvin,Checking,484427753,502605385370,846.30 
0181,Vance,Emely,Savings,626410494,988024644253,846.28 
0182,Hill,Rey,Checking,814614306,2543853668,844.10 
0183,Wilkerson,Jaxen,Checking,443160046,439643470926,843.50 
0184,Bruce,Jonas,Checking,899169337,706213162388,842.11 
0185,Montoya,Briggs,Checking,656621629,314372429439,840.69 
0186,Lowe,Sloan,Savings,487468568,267634706869,839.44 
0187,Norris,Armando,Checking,621190672,829264723427,838.89 
0188,Schultz,Martin,Checking,971823843,456143957924,838.36 
0189,Acevedo,Teagan,Savings,769590132,935440962563,837.47 
0190,Rojas,Maximus,Checking,272787441,971119463963,836.58 
0191,Moody,Oaklee,Savings,581150278,138993474548,836.29 
0192,Dillon,Russell,Checking,681769300,912788440758,834.24 
0193,Hester,Amirah,Savings,550826344,493986557759,833.35 
0194,Hodge,Oakleigh,Savings,854223720,110494690650,829.52 
0195,Stone,Isabel,Savings,971160506,392798088327,828.01 
0196,Harvey,Jaliyah,Savings,121631635,115636199534,826.64 
0197,Hardin,Milan,Savings,155202540,943832057215,824.82 
0198,Walsh,Haley,Savings,237940686,237826068579,824.68 
0199,Lee,Aurelia,Savings,141934109,333501158302,823.56 
0200,Moses,Grey,Checking,675224942,31699886066,823.17 
0201,Whitney,Liv,Savings,216916159,161537787939,822.51 
0202,McBride,Livia,Savings,220558630,28248041898,820.23 
0203,Everett,Quinton,Checking,741538219,696995694135,818.84 
0204,Park,Jagger,Checking,912072869,957418072650,818.06 
0205,Travis,Jamie,Savings,448399853,538574532124,816.50 
0206,Zamora,Rene,Checking,873653622,333671108050,816.49 
0207,Montgomery,Marceline,Savings,619853304,63975088912,814.57 
0208,Herman,Magdalena,Savings,260280912,463023808684,813.65 
0209,Sherman,Katelyn,Savings,280264654,90672921730,811.26 
0210,Garrison,Ambrose,Checking,292390670,574302523230,808.93 
0211,Ingram,Miguel,Checking,892939185,398188475327,806.91 
0212,Lara,Margaret,Savings,893276052,556254084136,805.85 
0213,Miranda,Hailey,Savings,527248280,239441109032,805.44 
0214,Hunt,Ronan,Checking,392525464,372344853520,803.54 
0215,Mathews,Rome,Checking,475570403,681056362955,802.25 
0216,Adams,Jordan,Checking,944532620,556769843825,802.23 
0217,Woodard,Whitney,Savings,245912188,623662790685,801.78 
0218,Franklin,Sienna,Savings,938251712,625093328932,799.99 
0219,Gaines,Turner,Checking,569060347,817889926481,799.84 
0220,Kline,Paris,Savings,623096260,253915161994,799.59 
0221,Duke,Legacy,Checking,833659575,83346852277,798.75 
0222,Lim,Frances,Savings,921066851,32254760894,798.48 
0223,Hancock,Jace,Checking,675511689,687850896,797.06 
0224,George,Roland,Checking,710539432,352130031915,796.12 
0225,Bradshaw,Amirah,Savings,849913148,14297441287,792.93 
0226,Vincent,Kamryn,Savings,361029564,51392872570,792.91 
0227,Dickerson,August,Savings,596889919,898274668536,792.49 
0228,Howe,Aarya,Savings,414269844,534184868451,791.95 
0229,Freeman,Harmony,Savings,813159250,967760327872,790.95 
0230,Freeman,Jace,Checking,783491657,980346687634,789.71 
0231,Ingram,Braylen,Checking,995820557,619554168411,788.21 
0232,Pacheco,Curtis,Checking,866149572,786049189675,787.82 
0233,Hale,Marianna,Savings,187518381,155963510949,787.19 
0234,Carpenter,Anais,Savings,627184115,775610007236,786.80 
0235,Velasquez,Kace,Checking,452507382,733215541340,783.69 
0236,Mayo,Alessandro,Checking,821436967,103498963267,783.52 
0237,Brooks,Rylee,Savings,278811223,657354477810,782.43 
0238,Nolan,Noa,Savings,664717898,511570379736,782.17 
0239,Colon,Franco,Checking,537941120,535610894015,781.28 
0240,Hicks,Devin,Checking,201816574,819826596821,780.42 
0241,Griffith,Rogelio,Checking,887309690,896907331673,777.46 
0242,Marsh,Caden,Checking,217038440,297561081048,777.31 
0243,Rowland,Armani,Savings,502274092,422401397868,776.58 
0244,Ball,Persephone,Savings,739994773,504034295294,775.43 
0245,French,Ryder,Checking,811499171,224561295680,775.33 
0246,Rocha,Rory,Checking,671873486,170622684967,775.14 
0247,Koch,Remy,Checking,464275721,50179996417,775.00 
0248,McDaniel,Collins,Savings,728409109,817884037290,773.13 
0249,Lopez,Serena,Savings,175807508,64231607875,772.36 
0250,Warren,Kenzie,Savings,109884478,705391399492,771.84 
0251,Farley,Esperanza,Savings,275946830,743480308322,771.77 
0252,Wilkins,Emmanuel,Checking,405658578,921165929848,769.20 
0253,Ramsey,Darius,Checking,654103433,128597477003,769.09 
0254,O’Neill,Callahan,Checking,995628539,823876821199,768.86 
0255,Hail,Lyra,Savings,930671289,790673057293,766.97 
0256,Khan,Estella,Savings,333265413,252358512888,766.37 
0257,Charles,Saige,Savings,701995901,720724270330,764.55 
0258,Brennan,Ximena,Savings,930580803,660548464836,764.10 
0259,Hill,Magdalena,Savings,280675926,483327139614,763.12 
0260,Carson,Keanu,Checking,670300603,26374641545,763.08 
0261,Newman,Stormi,Savings,606434379,407506455056,762.96 
0262,Weiss,Norah,Savings,829811150,57017424386,762.45 
0263,Hardin,Eliana,Savings,828949935,383534876324,761.69 
0264,Bowman,Janiyah,Savings,706723193,247969463160,761.10 
0265,Logan,Abraham,Checking,747512306,400120049385,758.51 
0266,Garza,Jaiden,Checking,508176915,526562928984,758.06 
0267,Vaughn,Bianca,Savings,667679602,417843052706,757.96 
0268,Humphrey,Skye,Savings,887093213,858456800163,757.77 
0269,Rich,Kyra,Savings,232636814,252769365780,755.66 
0270,Lyons,Briella,Savings,222399728,65564955623,753.30 
0271,Collins,Wren,Savings,906355894,517590059895,752.69 
0272,Quinn,Harold,Checking,127777248,896538060547,751.18 
0273,Tanner,Bodhi,Checking,708594631,311282594469,749.69 
0274,Patel,Lyla,Savings,912543464,29455772623,748.84 
0275,Kelley,Salvador,Checking,364234739,584302870118,748.11 
0276,Alfaro,Waylon,Checking,143058602,461301812799,747.85 
0277,Rose,Wade,Checking,864748074,664281860716,744.26 
0278,Ray,Cataleya,Savings,788927089,50190431499,742.48 
0279,Russo,Guadalupe,Savings,422897451,348755882485,740.54 
0280,Brennan,Amirah,Savings,132672978,554145286624,737.30 
0281,Rosales,Tomas,Checking,286477176,656346480722,736.98 
0282,O’Donnell,Darius,Checking,989912749,910641135098,736.01 
0283,Bradford,Azrael,Checking,381759029,110365169113,735.05 
0284,Velez,Oaklynn,Savings,842344647,523229526129,734.96 
0285,Bruce,Kade,Checking,810816898,723044478847,733.69 
0286,Salazar,Astrid,Savings,156192313,538599579201,733.09 
0287,Soto,Oaklyn,Savings,523425789,666215067176,733.04 
0288,Christensen,Griffin,Checking,742649270,483481828685,731.89 
0289,Rosas,Elliott,Savings,988960610,785882525406,731.56 
0290,O’Connor,Ada,Savings,135921310,600124794763,731.54 
0291,Brandt,Ashton,Checking,336461240,732558833183,731.15 
0292,Joseph,Louis,Checking,932849395,997443119581,730.65 
0293,Miller,Milana,Savings,144146120,835973870938,730.32 
0294,Pope,Boston,Checking,424496763,341905582356,727.11 
0295,Powell,Augustine,Checking,813160211,736050963209,725.80 
0296,McClain,Anders,Checking,267940049,856111709404,725.45 
0297,Poole,Isabella,Savings,529335421,489935459659,725.37 
0298,Woods,Heaven,Savings,395386742,7348563738,725.17 
0299,Caldwell,Mae,Savings,743912659,213787252506,724.03 
0300,McDowell,Stanley,Checking,622744537,671163659261,721.84 
0301,Blair,Korbyn,Checking,466380615,410332008009,721.17 
0302,Abbott,Dilan,Checking,644650747,568387335530,719.25 
0303,Dunlap,Maxton,Checking,522643271,241597520799,718.69 
0304,Hughes,Emmie,Savings,442283392,522615690789,718.39 
0305,Palacios,Esteban,Checking,319880255,472840030136,718.24 
0306,Woods,Tinsley,Savings,410439624,667946155207,717.00 
0307,Jordan,Lucia,Savings,599086760,817839430040,714.64 
0308,Gallagher,Faye,Savings,142305196,828702810434,710.12 
0309,McKinney,Jerry,Checking,289855531,204068612889,709.22 
0310,McIntyre,Mikaela,Savings,692094794,967580612902,709.02 
0311,Vega,Arabella,Savings,168618244,941335853956,707.23 
0312,Rice,Michael,Checking,429112348,652774929373,707.20 
0313,Benitez,Adrian,Checking,250769789,50467990392,707.04 
0314,Wong,Frederick,Checking,754203513,119676708962,706.57 
0315,Owens,Krew,Checking,446810781,78911951634,705.83 
0316,Mathews,Abdullah,Checking,633877818,478153488128,703.48 
0317,Keith,Lilah,Savings,377166952,204453228520,701.77 
0318,Cortes,Samir,Checking,863012720,687621449035,701.00 
0319,Hickman,Maddison,Savings,303619273,516511018131,700.35 
0320,Tate,Chase,Checking,136920064,30458220768,700.18 
0321,Escobar,Kaiya,Savings,753316458,459793393753,699.63 
0322,Newman,Uriah,Checking,332458269,169182977068,699.02 
0323,Holloway,Alfredo,Checking,660418474,101639907533,698.40 
0324,Tran,Layla,Savings,128131812,756958528421,697.87 
0325,Ibarra,Darwin,Checking,287704220,794383310159,695.23 
0326,Goodman,Adeline,Savings,882587657,338338959021,694.69 
0327,Crane,Nia,Savings,845363923,662915693842,693.91 
0328,McKee,Bryan,Checking,989888519,842797019131,693.81 
0329,Nielsen,Christian,Checking,989135341,379394149383,693.80 
0330,Hull,Zion,Checking,948603942,540634171804,692.47 
0331,Frost,Allan,Checking,597289487,749441608008,691.27 
0332,Long,Mckinley,Savings,161822788,932609647693,690.69 
0333,Adkins,Zachariah,Checking,786867216,136294603106,689.83 
0334,Morton,Jase,Checking,500940265,978642409999,688.64 
0335,Khan,Vihaan,Checking,164446854,396368650056,688.47 
0336,Lyons,Leonard,Checking,248243142,664720121844,687.88 
0337,Herrera,Ruben,Checking,339701285,956001441231,687.11 
0338,Nicholson,Cadence,Savings,428734706,410658891079,682.91 
0339,Odom,Reese,Savings,553260297,425693439339,682.84 
0340,Alvarez,Alondra,Savings,896346286,421791678333,682.18 
0341,Waters,Angela,Savings,269951195,950548853924,682.02 
0342,McCann,Augustus,Checking,250786554,434927579277,681.27 
0343,Gallagher,Juelz,Checking,805809576,169328597691,681.09 
0344,Livingston,Brielle,Savings,743796062,412667388646,680.18 
0345,Hoover,Azariah,Savings,205247256,948131424796,678.61 
0346,Huynh,Cassius,Checking,519926557,998360860655,678.06 
0347,Mejia,Legacy,Savings,899200443,978284722715,677.89 
0348,Mack,Leif,Checking,464473384,688170977633,677.67 
0349,Rivers,Mariam,Savings,662570743,116760176549,676.52 
0350,Solomon,Leia,Savings,894283092,915443534996,676.40 
0351,Kelley,Adley,Savings,221674097,840282394940,675.35 
0352,Banks,Amoura,Savings,100372510,38417855192,674.61 
0353,Trejo,Marie,Savings,918825616,823566436530,673.64 
0354,Donovan,Ford,Checking,732541206,183542626144,673.20 
0355,Keith,Ezequiel,Checking,599675350,585909317930,672.62 
0356,Choi,Julius,Checking,117837208,563492618878,669.57 
0357,Cross,Kairi,Savings,945124495,710380929496,667.97 
0358,Zavala,Ahmad,Checking,180046656,452130968593,667.75 
0359,Compton,Cairo,Checking,787312150,765376904857,667.39 
0360,Watkins,Willie,Checking,124894524,21872712491,666.78 
0361,Duke,Magdalena,Savings,661625195,95781218305,666.63 
0362,Kaur,Nico,Checking,159464161,318792040136,664.13 
0363,Cantrell,Gavin,Checking,354210481,988643878563,662.37 
0364,Gillespie,Justice,Checking,102921842,922089162043,660.44 
0365,Terrell,Jameson,Checking,395973809,704303449049,659.96 
0366,Copeland,Madilynn,Savings,228672555,736398978200,659.64 
0367,Bowers,Cory,Checking,135530887,936092465790,658.87 
0368,Santiago,River,Savings,580362894,929729877557,658.11 
0369,Mercado,Riley,Checking,469188958,40947535143,657.53 
0370,Lin,Lyric,Savings,539152960,431899115040,657.08 
0371,Keller,Amari,Savings,726175146,999497278350,656.57 
0372,Howe,Cullen,Checking,398985668,526547919636,654.30 
0373,Baxter,Lina,Savings,195659342,974048921830,654.14 
0374,Torres,Esme,Savings,630891065,909557319870,649.97 
0375,Andrade,Marilyn,Savings,501063635,419693866430,649.93 
0376,Dickson,Bexley,Savings,381837807,901153891133,649.35 
0377,Wilcox,Colson,Checking,412491462,530427288865,648.30 
0378,Nichols,Estelle,Savings,737265520,405017062805,648.05 
0379,Ochoa,Parker,Checking,682419302,646001263730,646.65 
0380,Howard,Eddie,Checking,863791554,450054582473,645.34 
0381,Proctor,Sage,Checking,994638870,446543469144,644.42 
0382,Wallace,Evangeline,Savings,858888922,738146519804,644.29 
0383,Morris,Atlas,Checking,441751889,787036951063,643.51 
0384,Hall,Giovanna,Savings,499569889,204935099842,642.75 
0385,Avila,Mavis,Savings,936123829,277103203804,641.62 
0386,McCarthy,Paityn,Savings,584850683,709946887409,640.82 
0387,Faulkner,Chandler,Savings,181088365,798002918160,639.95 
0388,Crawford,Rylan,Checking,189100714,61906201196,637.83 
0389,Scott,Dominic,Checking,221308446,770648303358,637.62 
0390,Gallagher,Lea,Savings,430984594,209098616272,637.19 
0391,Norman,Heaven,Savings,591521224,243878347862,636.02 
0392,Barrett,Benjamin,Checking,587111148,661807108848,635.87 
0393,Travis,Dominic,Checking,291003390,985613008532,634.18 
0394,Morris,Vienna,Savings,509098154,717724628106,633.88 
0395,Barker,Murphy,Savings,665440134,507678888834,633.44 
0396,Macias,Quinton,Checking,338970414,668579304867,632.60 
0397,Campos,Viviana,Savings,854830902,344002377613,632.51 
0398,Fisher,Uriel,Checking,979107949,566929136615,631.64 
0399,Patel,Arielle,Savings,387867518,281082370077,630.76 
0400,Tang,Marianna,Savings,424652602,167821140625,628.45 
0401,Moreno,Mordechai,Checking,235782294,676264356373,628.41 
0402,Chavez,Jaziel,Checking,390211377,489837542856,628.28 
0403,Espinoza,Megan,Savings,407789904,390479324908,627.24 
0404,Quintana,Evan,Checking,214623318,846325003,627.21 
0405,Reynolds,Casen,Checking,304978492,557918152585,627.15 
0406,Friedman,Milana,Savings,340434292,292634161655,626.96 
0407,Morrison,Alaric,Checking,589763018,357328560656,625.59 
0408,McCarty,Amari,Savings,147701538,754418957195,622.98 
0409,Meza,Jabari,Checking,427095552,194697964302,622.14 
0410,Nunez,Rebecca,Savings,647720007,631180400066,621.95 
0411,Marks,Thomas,Checking,540796190,924172371013,621.73 
0412,Davila,Lia,Savings,719131216,620766984585,620.52 
0413,Franklin,Arlo,Checking,747938052,327276283474,620.27 
0414,Marquez,Marcos,Checking,491745353,335808238293,615.89 
0415,Simpson,Adan,Checking,428007478,595292732818,615.86 
0416,Salas,Blake,Checking,469536479,414380285994,615.40 
0417,Stark,Jaiden,Checking,869043488,374273152123,613.83 
0418,Hammond,Holland,Savings,406598351,201301651192,613.78 
0419,McKee,Leonard,Checking,736552770,721287123706,613.55 
0420,Barton,Kadence,Savings,920869765,842145026476,613.33 
0421,Clayton,Joziah,Checking,776746000,538096414196,612.94 
0422,Bond,Fernando,Checking,819926485,929863284849,611.78 
0423,Vaughan,Adrian,Checking,712387098,773210330689,610.71 
0424,Strickland,Gael,Checking,653889543,346685679046,610.00 
0425,Rasmussen,Chandler,Savings,812765813,650947864697,609.31 
0426,Archer,Rayan,Checking,686122441,457379214080,609.00 
0427,Frederick,Nasir,Checking,469559946,315309747284,608.39 
0428,Beard,Camille,Savings,915103183,461625490473,607.42 
0429,Phelps,Kenzie,Savings,883604232,516411297298,606.85 
0430,Meadows,Norah,Savings,320414733,423715022917,606.25 
0431,Chavez,Melani,Savings,252532596,617680563641,605.54 
0432,Fleming,Willa,Savings,111413428,466060734139,605.14 
0433,Nolan,Iker,Checking,634297877,891696498339,605.00 
0434,Sullivan,Harrison,Checking,362432171,432747022238,601.81 
0435,Barry,Emiliano,Checking,473755409,763948866546,601.51 
0436,Keith,Celia,Savings,796510821,176491847796,601.47 
0437,McClure,Neil,Checking,870971948,208401267541,601.47 
0438,Bruce,Giovanna,Savings,786725741,970329956509,600.74 
0439,Clayton,Miles,Checking,777075888,453033155682,600.70 
0440,Wilcox,Poppy,Savings,797388778,595793909110,599.50 
0441,Truong,Lily,Savings,957280477,931281643410,599.21 
0442,Pierce,Denver,Checking,176638420,769854024614,598.85 
0443,Maxwell,Kairo,Checking,938214892,665966285979,598.44 
0444,Conrad,Derek,Checking,913416546,640306562448,598.02 
0445,Evans,Brody,Checking,640354030,707977091217,597.67 
0446,Olson,Marley,Savings,886298688,275538810056,597.45 
0447,York,Abdiel,Checking,973513221,615653532449,596.43 
0448,Nicholson,Ember,Savings,756733353,920853948448,596.20 
0449,Walsh,Finley,Checking,465704041,102704702270,595.61 
0450,Villegas,Ruben,Checking,343829337,432845245466,595.50 
0451,Conrad,Alice,Savings,821570517,888375485940,595.29 
0452,Sutton,Nathan,Checking,308222004,151893768680,594.71 
0453,Love,Valentin,Checking,717415774,117749239157,594.39 
0454,Santana,Jakobe,Checking,912998165,815659847130,594.13 
0455,Harrell,Yusuf,Checking,115170965,858934904033,593.36 
0456,Butler,Natalia,Savings,471934965,899258196059,592.73 
0457,Roman,Carmelo,Checking,996837189,41360019179,590.53 
0458,Ventura,Kaleb,Checking,344559855,648771314143,589.24 
0459,Calderon,Allen,Checking,706678055,353238574436,588.04 
0460,Thomas,Miller,Checking,756415487,379866465857,585.86 
0461,Johns,Lorelai,Savings,777417686,31310843874,585.69 
0462,Sherman,Madalyn,Savings,503890190,485455637420,585.39 
0463,Donovan,Boden,Checking,780418891,173282039322,584.90 
0464,Levy,Adelynn,Savings,446614253,836626251344,584.66 
0465,Morris,London,Checking,743567022,973804346958,583.24 
0466,Gilmore,Willa,Savings,891401514,969824501593,582.96 
0467,Cooper,Hannah,Savings,243711981,54231489303,582.51 
0468,Garner,Madisyn,Savings,455445098,494511526010,581.96 
0469,Yates,Jemma,Savings,323238094,325232907994,580.31 
0470,Walsh,Lexi,Savings,189676992,520889298516,579.61 
0471,Trevino,Kailani,Savings,158291942,942979019182,579.59 
0472,Phillips,Hadlee,Savings,840033724,699817278462,578.69 
0473,Pena,Jamal,Checking,818485215,567183127227,576.94 
0474,Williamson,Graysen,Checking,698553698,827731426591,576.53 
0475,Corona,Brayden,Checking,830258656,120229058506,576.06 
0476,Lowery,Caiden,Checking,624768188,695749668363,575.35 
0477,Sullivan,Colter,Checking,287222650,528536602889,574.60 
0478,Whitney,Gerardo,Checking,740123874,443690154626,574.46 
0479,Mitchell,Kameron,Checking,708856567,95535245238,572.12 
0480,Wise,Elizabeth,Savings,565386884,110501839777,571.36 
0481,Melendez,Weston,Checking,164093520,48785346070,570.56 
0482,Wilkins,Gwen,Savings,762755509,808569511040,570.19 
0483,Aguilar,Katie,Savings,935579217,227560180953,569.12 
0484,Meyers,Lilianna,Savings,512644947,596199950586,569.08 
0485,Bentley,Rosalie,Savings,356427926,61860987409,568.32 
0486,Hutchinson,Opal,Savings,757316297,500637378935,567.11 
0487,Sims,King,Checking,410146370,101811708178,566.39 
0488,Spence,Aydin,Checking,907378580,487637488670,566.38 
0489,Lindsey,Devin,Checking,494187277,942524870422,565.57 
0490,Howard,Layne,Checking,631088246,474557987926,565.20 
0491,Wiggins,Lyric,Savings,109894401,930705865267,564.56 
0492,Koch,Oakley,Savings,569542129,291453549494,564.22 
0493,Phan,Paul,Checking,285268048,404861913471,563.45 
0494,Adkins,Kaden,Checking,644159558,258585196498,561.60 
0495,Sullivan,Saige,Savings,683751603,265519802992,560.89 
0496,Chapman,Kori,Savings,900250781,49112436747,560.16 
0497,Collins,Quincy,Checking,891216598,540784433415,558.06 
0498,Young,Conrad,Checking,510706951,897437661283,557.62 
0499,Higgins,Nathaniel,Checking,439444602,421844530890,556.45 
0500,Glass,Madilynn,Savings,532179546,399421607411,553.26 
0501,Fisher,Briella,Savings,147738386,251233015859,551.71 
0502,Jefferson,Dane,Checking,920816249,778187233683,551.09 
0503,Cano,Sierra,Savings,345564353,410987946197,550.76 
0504,Campbell,Valentino,Checking,871956762,993426550800,550.35 
0505,Terry,Azariah,Checking,949035538,396794881224,548.61 
0506,Bernard,Anders,Checking,446957612,847135088934,545.32 
0507,Conway,Lia,Savings,329368930,539012644357,545.10 
0508,Walters,Arielle,Savings,445817307,170944419051,544.52 
0509,Wolf,Nathalie,Savings,638584876,847046614195,543.81 
0510,Clay,Bryan,Checking,995065514,208895829944,542.82 
0511,Steele,Alia,Savings,392101166,225143543444,541.88 
0512,Strickland,Hassan,Checking,767770031,748948345378,541.00 
0513,Montgomery,Johnathan,Checking,587378268,486405131924,540.84 
0514,Combs,Aurelia,Savings,670477653,162421846680,539.24 
0515,Hurst,Myra,Savings,368238215,58172728832,538.50 
0516,McFarland,Maximo,Checking,564317199,915506754664,538.40 
0517,Ramos,Remi,Checking,958276491,142601209642,538.08 
0518,Kim,Mack,Checking,684150299,156394161601,536.05 
0519,Parsons,Mila,Savings,991697007,313201183104,533.57 
0520,Hahn,Jemma,Savings,450611639,790762342484,532.62 
0521,Bullock,Elina,Savings,845083510,153976230381,532.33 
0522,Giles,Nolan,Checking,645265104,332176781119,532.07 
0523,Hayden,Willie,Checking,949640111,917729734202,531.00 
0524,Cherry,Annabella,Savings,985152373,396752946491,530.26 
0525,Barker,Fox,Checking,682001990,841997734073,529.89 
0526,Pittman,Charli,Savings,733134316,400950374260,529.68 
0527,Blair,Kendrick,Checking,235673462,918513655902,529.17 
0528,Leach,Claire,Savings,379102342,512334774945,529.05 
0529,Robertson,River,Savings,888876805,652861354565,528.93 
0530,Rangel,Caroline,Savings,434195353,470413291719,528.17 
0531,Clay,Will,Checking,163130292,90574663875,527.45 
0532,Orozco,Evangeline,Savings,405696218,900523242391,526.83 
0533,Sawyer,Saint,Checking,601423669,343678483658,526.64 
0534,Archer,Princeton,Checking,573904179,618472278212,526.44 
0535,Quintana,Maximiliano,Checking,999100918,101802186447,525.77 
0536,Schroeder,Paris,Savings,154221828,941695741172,525.41 
0537,Ochoa,Lilyana,Savings,307117600,1815958631,524.25 
0538,Horn,Aya,Savings,204853769,325276719321,522.72 
0539,McKenzie,Harlem,Checking,841471711,893225809197,522.13 
0540,Ellis,Cal,Checking,925502547,323614955533,520.12 
0541,Bradford,Kenneth,Checking,847101112,263398170800,520.11 
0542,Todd,Giovanni,Checking,328386646,734682853068,519.86 
0543,Mullen,Jacqueline,Savings,528484421,109519451559,519.14 
0544,Delgado,Bellamy,Savings,891155061,8760253744,518.64 
0545,Benitez,Camilla,Savings,148693754,117949884457,517.92 
0546,Bradley,Barbara,Savings,932338290,610459564806,517.22 
0547,Velez,Princeton,Checking,375356133,628936117084,517.14 
0548,Hayden,Nala,Savings,687517044,232977410514,516.68 
0549,Daugherty,Cayden,Checking,214179473,130791027824,514.39 
0550,Patrick,Maximilian,Checking,196765402,386860172613,513.17 
0551,Foster,Gael,Checking,328923457,946767097639,511.63 
0552,Rivers,Milan,Savings,141503383,809799311528,507.38 
0553,Cherry,Ishaan,Checking,642406407,675103086012,505.31 
0554,Lawrence,Kylee,Savings,659904568,773192844727,504.27 
0555,Weaver,Julien,Checking,486665113,33716710493,503.15 
0556,Atkinson,Aubree,Savings,543075257,147815295762,500.92 
0557,Booth,Jaxtyn,Checking,711908016,849746649479,500.34 
0558,Magana,Clayton,Checking,936309024,938568311577,499.39 
0559,Lang,Cayden,Checking,827521824,735661880732,498.76 
0560,Stuart,Julius,Checking,428840660,360507565151,496.25 
0561,Beil,Abdiel,Checking,239534098,329783336563,494.57 
0562,Simpson,Adelina,Savings,456048069,933078950010,494.08 
0563,Hale,Zachary,Checking,137534681,30645023131,493.85 
0564,Tanner,Marianna,Savings,826469443,167719742448,493.39 
0565,Bonilla,Mallory,Savings,101100539,105360801630,493.30 
0566,Harrington,Emory,Checking,972688924,698662969156,492.94 
0567,McPherson,Londyn,Savings,263975211,435223792174,492.28 
0568,Esparza,Davis,Checking,101361155,576637753549,490.80 
0569,Deleon,Alicia,Savings,508070515,508097753164,489.73 
0570,Perry,Nadia,Savings,840743359,717098380047,489.13 
0571,Padilla,Baker,Checking,956692534,558381513996,488.42 
0572,Hensley,Makenzie,Savings,659927986,815455520930,486.39 
0573,Hobbs,Meghan,Savings,606250219,993825847018,485.34 
0574,Lloyd,Erick,Checking,981124472,896991259538,485.15 
0575,Massey,Barrett,Checking,520774375,656570134738,484.95 
0576,Burke,Jeremy,Checking,232276303,254835954093,482.73 
0577,Kerr,Austin,Checking,781023352,346017500539,481.68 
0578,Erickson,Alaina,Savings,900836593,698952904522,481.60 
0579,Valentine,Jonah,Checking,901635893,645283965297,480.16 
0580,Benjamin,Amber,Savings,860550970,667194850345,479.88 
0581,Jackson,Harris,Checking,897327923,350309941437,479.11 
0582,Lin,Yamileth,Savings,908888791,259427167929,478.67 
0583,Perez,Nalani,Savings,940230315,860621411561,478.26 
0584,Chambers,Rachel,Savings,357495758,351384326544,477.38 
0585,Morrison,Kamila,Savings,946809228,510855700348,474.85 
0586,Gregory,Daphne,Savings,580581164,157733488167,473.74 
0587,Morton,Alina,Savings,535698934,899017971271,473.28 
0588,Orozco,Kalel,Checking,545925380,372687143385,472.99 
0589,Knight,Winston,Checking,199404236,302674916418,472.80 
0590,Pittman,Amaris,Savings,936118214,515218826809,471.01 
0591,Jacobson,Derek,Checking,906311417,896820099623,470.94 
0592,Proctor,Jayson,Checking,579239239,477302743440,470.94 
0593,Warren,Johan,Checking,104669557,764729589668,470.94 
0594,Shields,Simon,Checking,290611058,116533901525,470.01 
0595,Patel,Aliana,Savings,884691447,87891136151,469.93 
0596,Preston,Duke,Checking,370081165,987625339386,469.92 
0597,Benitez,Kori,Savings,974049407,854805676232,468.60 
0598,Bryant,Analia,Savings,799002841,228813845024,467.46 
0599,Goodwin,Alaia,Savings,624529778,880892524255,462.74 
0600,Petersen,Paula,Savings,873644095,300886229002,462.68 
0601,Raymond,Conor,Checking,756869387,967521409822,462.45 
0602,Elliott,Mazikee,Savings,548276511,507975714166,461.23 
0603,Sampson,Kira,Savings,907452006,201638155522,460.60 
0604,Rich,Hana,Savings,766228285,251105098615,460.18 
0605,Coleman,Rodrigo,Checking,537342580,189774449190,459.46 
0606,McClure,Korbin,Checking,485934064,83359305938,457.56 
0607,Quinn,Adriel,Checking,871893756,584468394965,457.16 
0608,Norris,Ezequiel,Checking,466755996,236864687825,457.03 
0609,Moran,Kyler,Checking,870611394,918574716742,457.03 
0610,Colon,Valentino,Checking,516930485,484478745250,455.53 
0611,Giles,Johnny,Checking,333992715,139524457947,454.74 
0612,Long,Viviana,Savings,157357681,467144633470,454.53 
0613,Hartman,Myla,Savings,832320839,511675485005,453.90 
0614,Marks,Lola,Savings,692851421,324976277018,452.73 
0615,Hudson,Harlan,Checking,115334901,248040364043,452.49 
0616,Douglas,Mazikee,Savings,279260044,846744340989,452.47 
0617,Holt,Roger,Checking,127528526,743806300939,452.37 
0618,Graham,Leighton,Savings,655443392,246348379270,450.74 
0619,Jacobson,Mercy,Savings,733955450,476991490180,448.77 
0620,Pratt,Ellianna,Savings,966940863,302691545980,447.14 
0621,Velasquez,Avi,Checking,253668270,482895589686,447.05 
0622,Woods,Lucas,Checking,271711468,435586081077,446.88 
0623,Peterson,Jameson,Checking,476595164,745964443541,446.36 
0624,Cunningham,Colt,Checking,767685636,642360839281,445.29 
0625,Rice,Raina,Savings,959448043,429453780083,444.77 
0626,Ward,Odin,Checking,573695937,489373812062,443.01 
0627,Chandler,Corbin,Checking,275141260,898091302932,441.53 
0628,Cook,Zyair,Checking,261669218,324852303601,440.78 
0629,Francis,Matilda,Savings,204357497,435581945856,439.68 
0630,Casey,Vienna,Savings,964500465,719783049407,436.45 
0631,Webster,Alianna,Savings,762396574,656971055063,435.88 
0632,Lim,Flynn,Checking,907918435,27101651309,434.78 
0633,Benton,Francisco,Checking,296439793,165795704542,432.20 
0634,O’Connor,Finn,Checking,239631208,732171400736,430.67 
0635,Caldwell,Eliza,Savings,940787464,269312135776,429.83 
0636,Cole,Veda,Savings,566791658,725799107343,426.12 
0637,Camacho,Castiel,Checking,793490800,756145885995,425.42 
0638,Luna,Gracelyn,Savings,915039991,247115125454,424.75 
0639,Woodward,Ronan,Checking,385004915,567109755375,424.21 
0640,Silva,Calvin,Checking,554170869,524183327215,422.32 
0641,Zhang,Kobe,Checking,754424073,312693096160,422.00 
0642,Lang,Bear,Checking,926709881,175588505315,420.79 
0643,Barton,Genevieve,Savings,490359515,829781145022,420.74 
0644,Sherman,Duke,Checking,414992433,660524176074,420.63 
0645,Macias,Curtis,Checking,259655504,676199118108,420.54 
0646,Nielsen,Jase,Checking,534152150,736982813159,419.72 
0647,Holt,Rory,Savings,700263122,408315211914,419.66 
0648,Dominguez,Westin,Checking,991971272,705276906513,419.33 
0649,Benjamin,Kamari,Savings,256721454,290252831310,419.23 
0650,Duarte,Ashlyn,Savings,193363528,234042404879,418.59 
0651,Jacobs,Shane,Checking,657880625,227915528423,418.58 
0652,McFarland,Samira,Savings,870535152,983765864261,417.99 
0653,Leal,Abram,Checking,304812119,785575003309,413.81 
0654,Curtis,Knox,Checking,988731773,427392795096,413.41 
0655,Vo,Sawyer,Checking,945961691,782267395426,412.40 
0656,Bauer,Preston,Checking,476025873,398057800584,408.46 
0657,Rosas,Alexandra,Savings,503665963,448097293742,408.06 
0658,Fowler,Beckham,Checking,663703279,118553494373,407.97 
0659,Jordan,Audrey,Savings,131112969,103712845342,407.05 
0660,Cuevas,Bruno,Checking,312967142,999379046565,405.75 
0661,Patton,Maci,Savings,155849577,332568806922,405.07 
0662,Pitts,Aidan,Checking,688550003,870777611100,404.43 
0663,Daugherty,Luis,Checking,563221198,379473505569,403.32 
0664,Gill,Eli,Checking,541413446,428184630391,402.55 
0665,Dawson,Clementine,Savings,393179291,356529647236,399.05 
0666,Duke,Izaiah,Checking,566769110,181761985908,398.59 
0667,Velazquez,Dane,Checking,747813169,638325768730,396.10 
0668,Daniels,Mathias,Checking,685765037,124436909255,395.29 
0669,Mann,Jessica,Savings,815934284,167332859914,394.73 
0670,Knapp,Harmoni,Savings,688772604,431455280415,394.55 
0671,Zhang,Sariyah,Savings,586899774,548889595419,394.29 
0672,Abbott,Blaise,Checking,216191970,857213098163,394.27 
0673,Holloway,Bodhi,Checking,224115982,32891408154,394.23 
0674,Ibarra,Gavin,Checking,175410541,588043614281,392.52 
0675,Mendoza,Kyla,Savings,537802980,162728563128,391.42 
0676,Buchanan,Andi,Savings,688521202,326822828136,391.10 
0677,Pineda,Hadley,Savings,628383460,591994170364,390.97 
0678,Summers,Isabelle,Savings,805595761,569740255429,389.78 
0679,Skinner,Nehemiah,Checking,414218666,12645391072,389.67 
0680,Montgomery,Russell,Checking,980475126,823662225048,388.24 
0681,Benson,Creed,Checking,874317169,464205597897,387.75 
0682,Middleton,Rogelio,Checking,912312461,960586379826,387.49 
0683,Stewart,Briar,Savings,158228359,214118814407,386.09 
0684,Gregory,Hector,Checking,507772537,681994421296,385.37 
0685,Walsh,Hank,Checking,647500711,324334370462,383.94 
0686,Lynn,Amos,Checking,164074256,559147097678,383.24 
0687,Diaz,Madalynn,Savings,176148479,596523720843,382.59 
0688,Michael,Travis,Checking,834811335,440466234613,382.12 
0689,Andrade,Sophie,Savings,790136062,388685867407,381.04 
0690,Hubbard,Ryland,Checking,225277780,722336841774,378.72 
0691,Greene,Edith,Savings,672809991,125342658653,377.67 
0692,Haynes,Conrad,Checking,208983455,723073557104,376.55 
0693,Cline,Ronan,Checking,514155446,515394830003,376.19 
0694,Ramsey,Jamie,Checking,693466020,377565441770,373.42 
0695,Bentley,Ray,Checking,692116330,817791168906,373.42 
0696,McConnell,Brennan,Checking,217842011,180990579403,372.18 
0697,Mendoza,Evangeline,Savings,941834980,359310224092,371.26 
0698,Garner,Harvey,Checking,359406104,608135754962,370.93 
0699,Palmer,Melanie,Savings,548074241,740690071018,370.72 
0700,Beck,Nia,Savings,749954013,961197006627,370.62 
0701,Rose,Conor,Checking,936902112,642767523255,369.94 
0702,Stein,Cassandra,Savings,264009244,128319827801,369.57 
0703,Davis,Marina,Savings,876461272,927690782886,369.32 
0704,Duran,Ace,Checking,411257677,183285765798,368.63 
0705,Barrett,Rafael,Checking,747300104,702758231578,368.58 
0706,Chen,Kobe,Checking,720926164,70970672043,368.32 
0707,Dudley,Royal,Savings,853203467,774889370069,367.80 
0708,Arroyo,Memphis,Checking,244769700,634495214299,364.25 
0709,Stephenson,Ahmad,Checking,263305516,854652800346,364.21 
0710,Martin,Zain,Checking,175581072,120708952592,361.36 
0711,Beasley,Wesson,Checking,245690470,281644388012,359.78 
0712,Norris,Ryann,Savings,294897369,549303723690,359.29 
0713,Edwards,Kaitlyn,Savings,127318259,201764933283,358.94 
0714,Cameron,Genesis,Savings,101098581,826905140731,357.60 
0715,Roach,Melanie,Savings,167239419,759407208486,356.76 
0716,Cruz,Quentin,Checking,109471290,366482361877,352.75 
0717,Contreras,Emberly,Savings,622905850,566771184014,351.98 
0718,Lucero,Darren,Checking,543597213,918493429374,350.04 
0719,Bass,Aliana,Savings,549577808,743408265385,345.78 
0720,Pacheco,Larry,Checking,343940339,653911523298,345.30 
0721,Guerra,Orion,Checking,700718293,307718532253,345.10 
0722,Larson,Magnolia,Savings,867722191,613184363241,344.89 
0723,Maxwell,Freyja,Savings,439259291,398769996781,344.08 
0724,Gardner,Yousef,Checking,758286797,799530765800,343.71 
0725,Rivera,Nevaeh,Savings,620243033,497333988547,342.78 
0726,Freeman,Kylian,Checking,455816157,554805550208,342.47 
0727,Barker,Estella,Savings,174975810,332905268949,341.63 
0728,Hines,Charlie,Checking,644889632,28575378666,338.90 
0729,Fisher,Anais,Savings,389380091,998479028987,337.67 
0730,Shah,Sadie,Savings,783334433,528693283542,337.36 
0731,Kirby,Collins,Savings,502392739,559194315291,335.22 
0732,Schaefer,Aaliyah,Savings,587777995,307527475849,334.78 
0733,Roach,Nadia,Savings,861428433,183663403701,334.57 
0734,Wright,Westley,Checking,295617370,657190668584,334.27 
0735,Simmons,Willow,Savings,672781873,567212566688,333.62 
0736,Bryan,Melani,Savings,440102469,669398223021,329.23 
0737,Haley,Sierra,Savings,244241761,249793401964,326.59 
0738,Malone,Anastasia,Savings,526056423,364272792826,326.40 
0739,Ortega,Robin,Savings,718390174,14833950009,325.90 
0740,Elliott,Avianna,Savings,165883589,499663174673,325.45 
0741,Beasley,Megan,Savings,303140239,782459711899,325.20 
0742,Arellano,Blake,Checking,907989495,410776146622,324.09 
0743,Norton,Walter,Checking,230690179,683153272802,322.45 
0744,Morton,Chase,Checking,647455705,657828551833,322.34 
0745,Quinn,Charles,Checking,709976508,319472605434,322.32 
0746,Callahan,Zora,Savings,666058428,561840283303,321.93 
0747,O’brien,Gabriella,Savings,322971044,765493328317,321.78 
0748,Gentry,Lacey,Savings,666464002,555045400284,321.29 
0749,Pace,Kailani,Savings,352054098,487129033987,320.99 
0750,Daugherty,Julien,Checking,463172323,70737400088,320.27 
0751,Krueger,Atticus,Checking,145797440,37030149587,320.00 
0752,Lane,Marcos,Checking,123630621,56905437505,319.89 
0753,Grant,Caspian,Checking,385199798,291294132036,319.58 
0754,Brooks,Magdalena,Savings,172899581,261320323514,319.02 
0755,James,Luciana,Savings,360332538,792637220879,317.66 
0756,Potter,Jaime,Checking,149632952,902076968886,317.45 
0757,White,Everett,Checking,398043570,845690814555,317.12 
0758,O’Donnell,Eden,Checking,650056504,324813755944,316.65 
0759,Lang,Shepard,Checking,848490340,463188687511,315.36 
0760,Wong,Bellamy,Savings,777740479,150617402455,314.79 
0761,Fitzpatrick,Ben,Checking,961433117,10906138893,314.67 
0762,Frank,Izabella,Savings,196165382,67899408546,314.47 
0763,Garner,Eliezer,Checking,104088306,462566229855,313.38 
0764,Stout,Amy,Savings,504320679,44801853869,313.15 
0765,Hardy,Eliseo,Checking,607107154,331509540044,312.86 
0766,Bond,Amber,Savings,541604275,323666299530,310.46 
0767,Portillo,Riggs,Checking,995025801,745041666219,309.94 
0768,Bartlett,Raegan,Savings,144295633,398344823318,309.79 
0769,Hines,Samara,Savings,617842545,357232761924,309.31 
0770,Johns,Jayden,Checking,390192716,795216615034,309.08 
0771,Tang,Mira,Savings,486601672,888360685873,307.71 
0772,Novak,Hassan,Checking,554607020,707452171581,307.59 
0773,Ferguson,Leighton,Savings,336718124,217686893514,307.36 
0774,McCullough,Wayne,Checking,763494004,132858268039,307.23 
0775,Le,Anderson,Checking,827854513,796904190607,306.16 
0776,Rogers,Chase,Checking,210649553,848588969120,303.82 
0777,Smith,Kara,Savings,576841589,906780042315,303.55 
0778,Banks,Kamilah,Savings,923310917,249896035255,302.76 
0779,Cardenas,Monica,Savings,957752458,564446561013,302.76 
0780,Meyers,Vienna,Savings,553534735,542247145054,300.90 
0781,O’Connor,Kade,Checking,945331260,221424175740,300.65 
0782,Sellers,Travis,Checking,734248734,880013604278,298.75 
0783,Clarke,Dash,Checking,671790220,342066123056,298.73 
0784,Combs,Jayleen,Savings,579413130,895480043358,297.83 
0785,Gates,Rio,Checking,549315130,8476688480,296.74 
0786,Freeman,Salvatore,Checking,271277679,594746933425,296.56 
0787,Roman,Royce,Checking,687669715,172290566911,295.52 
0788,Schroeder,Melina,Savings,990412284,390195034182,295.37 
0789,Wood,Jaxtyn,Checking,974784596,28035831501,291.99 
0790,Lyons,Samson,Checking,324170754,438095035727,291.34 
0791,English,Alaia,Savings,126051545,464955915524,290.29 
0792,Fowler,Poppy,Savings,279826791,490180029956,288.61 
0793,Hobbs,Rodrigo,Checking,218130123,218232423051,288.01 
0794,French,Zelda,Savings,375115161,158108875273,285.87 
0795,Ibarra,Alexis,Savings,833887276,744014078928,285.51 
0796,Hendricks,Clara,Savings,435017264,121560453564,285.00 
0797,Carey,Miller,Checking,796785650,845792377023,284.73 
0798,Butler,Reid,Checking,769398071,174283525589,284.12 
0799,Gray,Kiaan,Checking,207574741,942877223211,283.33 
0800,Quintero,Adelyn,Savings,914089049,7042692154,282.13 
0801,Gonzales,Jakari,Checking,599826143,831415414901,282.10 
0802,Ali,Reign,Checking,320788632,826858114933,282.04 
0803,York,Joel,Checking,834808739,44730728099,281.97 
0804,Stanley,Orlando,Checking,253599998,622814541816,280.56 
0805,Warren,Leroy,Checking,852955260,993247505839,279.13 
0806,Carlson,Myra,Savings,778759498,424276068352,278.59 
0807,Bryan,Faye,Savings,861241137,644024331778,277.38 
0808,Pope,Dean,Checking,402358397,164401373169,277.16 
0809,Briggs,Brendan,Checking,571480100,907472369470,276.83 
0810,Allen,Aliza,Savings,788789821,117392610323,276.81 
0811,Santiago,Aislinn,Savings,158500085,838668147351,275.22 
0812,Ballard,Alaya,Savings,371049752,67376375565,273.88 
0813,Weeks,Ariana,Savings,804392556,924914631783,272.40 
0814,Dean,Karla,Savings,445964699,613946903261,270.90 
0815,Ford,Kenna,Savings,214415515,111200126532,270.81 
0816,Mason,Zyaire,Checking,145885416,834552406619,269.56 
0817,Kaur,Brielle,Savings,971264039,303145701043,268.62 
0818,Kane,Owen,Checking,607669463,77158846160,268.60 
0819,Nielsen,Rylan,Checking,900300669,7029956020,267.43 
0820,Hopkins,Dakari,Checking,985438194,229390381698,267.21 
0821,Wheeler,Maggie,Savings,627158799,716672284569,265.01 
0822,Jenkins,Kaison,Checking,232229608,331342468465,264.66 
0823,Rose,Kyro,Checking,688442451,586778098734,263.96 
0824,Hanna,Jaxtyn,Checking,234409013,138016460577,263.65 
0825,Vazquez,Niko,Checking,559211213,169162692449,262.99 
0826,Friedman,Adele,Savings,380502291,967805815376,262.93 
0827,Harrison,Carmen,Savings,296835689,508046618670,262.73 
0828,David,Musa,Checking,630044959,436455574353,261.18 
0829,McIntosh,Crew,Checking,132422194,438138454434,260.95 
0830,Lowe,Jonathan,Checking,320304425,869777025892,260.37 
0831,Mendez,Beckham,Checking,174101560,517155221056,260.06 
0832,Burch,Eduardo,Checking,587289229,135912061326,259.51 
0833,Hines,Grace,Savings,682368429,145804720682,259.07 
0834,McFarland,Jaliyah,Savings,727987153,19898142979,258.94 
0835,Greene,Uriel,Checking,697424646,12613419647,258.93 
0836,Wise,Myla,Savings,696083151,166746813869,258.75 
0837,Singh,Emelia,Savings,227250438,501766686574,258.62 
0838,Levy,Major,Checking,682229604,478494395815,258.17 
0839,Kirk,Madalynn,Savings,193844939,619036840700,257.60 
0840,Shelton,Carter,Checking,176175562,732386262403,257.33 
0841,Russo,Frederick,Checking,514342236,935336564132,254.34 
0842,Barajas,Norah,Savings,131745632,201233441571,252.75 
0843,Jacobs,Randy,Checking,742803851,482760917570,251.25 
0844,Baldwin,Kinsley,Savings,824740959,485730396294,250.87 
0845,Wilkinson,Rhea,Savings,161714785,658416605222,250.70 
0846,Reyes,Corey,Checking,148947900,950934705409,248.76 
0847,Jimenez,Paul,Checking,129080364,501485420762,248.04 
0848,McMillan,Braylon,Checking,959330475,360235165498,248.01 
0849,Wang,Dante,Checking,783535456,479088562523,246.33 
0850,Carrillo,Leona,Savings,550815619,921547975733,244.33 
0851,Zamora,Rayna,Savings,441165279,275661883045,242.35 
0852,Villalobos,Camilla,Savings,319867674,342737399239,242.19 
0853,Page,Philip,Checking,357241337,139755773894,241.55 
0854,Klein,Bowen,Checking,946968098,503939479892,239.84 
0855,Roy,Ayan,Checking,258807903,35858664773,239.71 
0856,Glass,Nyomi,Savings,885033717,777843537307,239.61 
0857,Bryant,Remy,Savings,865108382,14288202150,236.63 
0858,Fuentes,Liliana,Savings,979703723,664080581007,236.03 
0859,Pearson,Kaiser,Checking,581457538,195924203742,235.52 
0860,Foster,Joziah,Checking,131142105,883797895557,234.56 
0861,Koch,Armando,Checking,324010630,359062532451,233.69 
0862,Escobar,Gracie,Savings,142123906,795422639857,233.34 
0863,Miller,Jaxen,Checking,585021394,547295801088,232.89 
0864,Collier,Carson,Checking,119446192,114175385644,232.40 
0865,Case,Wayne,Checking,236504904,377964450183,231.38 
0866,Vaughan,Lilyana,Savings,470956513,692610272796,231.31 
0867,Atkinson,Flora,Savings,931465657,902872619578,230.36 
0868,Andersen,Yasmin,Savings,690681596,579188243834,229.95 
0869,Boone,Brixton,Checking,574773894,767553863700,229.37 
0870,Jordan,Mohammad,Checking,366639969,821784652554,226.27 
0871,Benson,Kobe,Checking,503781121,397556183790,224.44 
0872,Ward,Annika,Savings,608334073,810418342796,224.40 
0873,Villarreal,Jordan,Savings,274582648,793890726604,223.23 
0874,Corona,Aden,Checking,821420614,225560870901,222.67 
0875,Mullins,Alora,Savings,976742135,567999170592,221.60 
0876,Wolf,Elisa,Savings,952762085,207076576152,221.57 
0877,Clayton,Allan,Checking,744539932,195406271934,220.25 
0878,Matthews,Lena,Savings,593165102,157605777699,219.20 
0879,Hansen,Aspyn,Savings,336136177,740960004054,217.10 
0880,Hale,Selena,Savings,511843809,627603035531,215.80 
0881,Pittman,Isaias,Checking,793248600,29347556228,215.66 
0882,Ware,Kace,Checking,477214157,106820228155,212.60 
0883,Morrison,Remi,Checking,121368902,356479439012,212.59 
0884,Newman,Bailee,Savings,400077964,188620569256,211.05 
0885,Wilkerson,Itzayana,Savings,212978178,404361103726,208.78 
0886,Carlson,Rylie,Savings,172343984,404042359861,207.35 
0887,Mata,Gracelynn,Savings,114760061,562090773228,207.24 
0888,Fisher,Sloan,Savings,251037068,329915880507,206.58 
0889,Zamora,Sterling,Checking,633267254,307448385081,206.38 
0890,Tapia,Sloan,Savings,544648899,429363819031,205.29 
0891,Booker,Malik,Checking,409235040,878378848180,203.26 
0892,Beasley,Gabriela,Savings,588922160,832270554310,202.76 
0893,Corona,Kabir,Checking,263155476,240637584127,201.29 
0894,O’Connor,Marleigh,Savings,134477304,574986988914,199.09 
0895,Conner,Gideon,Checking,230390193,994404761418,196.93 
0896,Herrera,Itzel,Savings,522075598,680214453159,195.29 
0897,Jacobs,Giavanna,Savings,962340295,623545129067,194.96 
0898,Summers,Bria,Savings,438170483,831826241685,193.19 
0899,Charles,Mae,Savings,281909256,248673816034,192.64 
0900,Magana,Baylee,Savings,125881838,112548617062,192.46 
0901,Rowe,Gael,Checking,393609560,903307275449,190.97 
0902,McConnell,Magnolia,Savings,361780271,892287288079,190.12 
0903,Hendrix,Colette,Savings,616137929,8754566943,189.73 
0904,Aguirre,Tommy,Checking,120935900,598945609236,189.16 
0905,Ball,Sophie,Savings,632515924,563208218936,188.97 
0906,Summers,Julia,Savings,775651413,167463095780,186.22 
0907,Norris,Cleo,Savings,539445034,286907414177,185.67 
0908,Benton,Theo,Checking,485998580,250201708087,185.30 
0909,Walls,Parker,Checking,352015926,546952072477,183.85 
0910,Garrett,Kora,Savings,757671502,72344637016,183.67 
0911,Bruce,Kenia,Savings,589558137,446473781921,183.45 
0912,Travis,Aarav,Checking,779170796,679359001741,183.36 
0913,French,Mary,Savings,900809689,943295343220,181.98 
0914,Cole,Briggs,Checking,438402446,81111001696,180.93 
0915,Matthews,Haylee,Savings,470335134,935041866168,180.15 
0916,Johns,Stanley,Checking,105380709,417131917365,178.90 
0917,Steele,Martin,Checking,202026846,29085965062,178.76 
0918,Holmes,Sloane,Savings,396222548,624416887977,177.77 
0919,Best,Kenia,Savings,367720804,320694428162,177.69 
0920,Johns,Indie,Savings,886493855,832232095395,177.68 
0921,Jacobs,Jordyn,Savings,932285517,382150922341,176.69 
0922,Yoder,Denise,Savings,715109017,967710414792,176.42 
0923,Arnold,Jayla,Savings,174975716,8193892461,175.08 
0924,Le,Eduardo,Checking,340331155,950008160049,175.04 
0925,Douglas,Charli,Savings,232700228,342811077536,174.81 
0926,Fischer,Cain,Checking,291929820,929436150673,173.27 
0927,Maldonado,Nathanael,Checking,197054190,970618462732,169.46 
0928,Hubbard,Frances,Savings,311409156,795517813720,168.62 
0929,Bravo,London,Checking,904170156,843281284067,168.55 
0930,Galindo,Joyce,Savings,363853713,493734666813,168.42 
0931,Davidson,Ayla,Savings,329639767,988966253803,165.14 
0932,Rush,Kendall,Savings,149051406,611320059115,162.75 
0933,Velazquez,Adan,Checking,809006269,989481858517,162.35 
0934,George,Hamza,Checking,556105867,334508843661,161.74 
0935,Dean,Rosalie,Savings,261256591,761011446393,161.31 
0936,Maynard,Santos,Checking,142952955,647793997144,160.21 
0937,Mercado,Vivian,Savings,787418557,588201424460,160.04 
0938,Richardson,Martha,Savings,979852701,540447755409,159.66 
0939,Beck,Regina,Savings,373487977,213825027856,157.82 
0940,Vance,Aubriella,Savings,803569887,602755993003,157.57 
0941,Davidson,Enrique,Checking,306029059,606210322114,157.44 
0942,Ford,Thomas,Checking,479600616,510589513749,153.76 
0943,Harvey,Sutton,Savings,583281308,659885655320,152.85 
0944,Blevins,Remington,Savings,916675774,700939711927,152.32 
0945,Blake,Kiara,Savings,621687064,137736480595,151.88 
0946,Pugh,Darwin,Checking,199903480,757638532580,151.56 
0947,Newman,Jaylen,Checking,854377726,408721076907,151.02 
0948,Avery,Genesis,Savings,274559261,847081491606,150.37 
0949,Bernard,Tiana,Savings,874782930,245370504759,148.48 
0950,Poole,Adaline,Savings,785847359,350630477129,146.81 
0951,Dominguez,Zoya,Savings,306831072,23776124007,144.98 
0952,Ortega,Uriah,Checking,530597462,569784071746,144.73 
0953,Norris,Reuben,Checking,138477987,776714296734,143.76 
0954,Clayton,Mabel,Savings,804208828,298201246638,143.48 
0955,Mora,Jaxson,Checking,335148237,706174705565,143.21 
0956,Conway,Cassius,Checking,458595240,558792493491,141.80 
0957,Stout,Celeste,Savings,194546272,945014071343,140.76 
0958,Ray,Callahan,Checking,655994155,224030924292,139.41 
0959,Hood,Adalynn,Savings,292966431,978759157078,138.84 
0960,Frye,Catherine,Savings,926433361,230135419418,137.31 
0961,Stanton,Emelia,Savings,490904386,979380196008,135.65 
0962,Dean,Stella,Savings,939925056,316036373966,134.81 
0963,Hanna,Mara,Savings,770472549,78486408917,134.65 
0964,Ward,Jolene,Savings,257556569,808636983341,134.47 
0965,Murillo,Cyrus,Checking,498593288,31323726735,133.70 
0966,Stevens,Karter,Savings,183531533,714954603143,132.62 
0967,Chen,Lily,Savings,313540676,89673681999,129.65 
0968,Wallace,Cynthia,Savings,535016975,676762602868,128.20 
0969,Fields,Sloane,Savings,464854425,537188660262,126.63 
0970,May,Alayah,Savings,303201974,145159887947,126.53 
0971,Robertson,Zachariah,Checking,251662363,837402296049,124.97 
0972,Terrell,Kendall,Savings,194865240,590319487770,124.04 
0973,John,Doe,Checking,123456789,123456789012,123.45 
0974,Jane,Doe,Savings,123456790,123456789013,123.45 
0975,Lindsey,Amayah,Savings,404242725,542492695811,122.28 
0976,Whitney,Justice,Checking,559380839,833984995540,122.27 
0977,Xiong,Enrique,Checking,813629158,38628635719,121.78 
0978,Barnes,Forrest,Checking,898732898,585722640680,119.96 
0979,Malone,Waverly,Savings,331600693,764873413518,119.35 
0980,Leach,Milo,Checking,505680173,991134385782,118.90 
0981,Griffith,Braxton,Checking,768905800,623057778880,118.65 
0982,Franco,Rosie,Savings,613836421,765073126626,117.04 
0983,Mendoza,Stormi,Savings,697300954,60891198013,115.17 
0984,Campos,Shane,Checking,918495181,531175500313,112.34 
0985,Buck,Parker,Checking,784046195,404750347069,112.16 
0986,Stevenson,Cairo,Checking,353551129,522109577611,112.05 
0987,Montoya,Carolina,Savings,720709286,944592671632,111.67 
0988,Burnett,Thatcher,Checking,198782963,704180829882,111.07 
0989,Wilkinson,Athena,Savings,800489145,667718248808,110.65 
0990,Guevara,Nyla,Savings,375272617,133861581416,109.76 
0991,Avery,Andrew,Checking,649331182,77975261940,108.64 
0992,Morse,Jeffery,Checking,718133363,529430638373,108.44 
0993,Drake,Dior,Checking,429477022,892848818145,105.99 
0994,Friedman,Eduardo,Checking,401354232,554044917538,105.41 
0995,Russell,Esme,Savings,618368228,976384537138,105.07 
0996,McConnell,Marilyn,Savings,150855267,419139554556,104.69 
0997,Harrison,Savanna,Savings,829290824,434769744552,103.19 
0998,Edwards,Jessie,Savings,755522521,451453314630,102.49 
0999,Jaramillo,Heaven,Savings,610982172,341234901034,102.19 
1000,Arellano,Foster,Checking,430149710,104797058226,101.48 
1001,Petersen,Laurel,Savings,202307206,124959815647,100.98 
1002,Harvey,Avianna,Savings,241157026,673296838736,100.79 
1003,Delacruz,Landry,Savings,870945010,485072714196,100.50 
